Date,Ouro,Prata,Cobre,Alumínio,Zinco,Gado_Engorda,Carne_Porco,Milho,Soja,Trigo,Petróleo_WTI,Petróleo_Brent,Gás_Natural,Gasolina_RBOB,Óleo_Aquecimento,Suco_Laranja,Algodão,Café_Arábica,Açúcar,Cacau,Madeira,Platina,Paládio
2023-01-03,1839.699951171875,24.05900001525879,3.7660000324249268,2325.25,2297.0,156.85000610351562,85.07499694824219,670.5,1487.25,775.5,76.93000030517578,82.0999984741211,3.98799991607666,2.3612000942230225,3.0864999294281006,203.6999969482422,83.13999938964844,166.3000030517578,19.700000762939453,2572.0,363.5,1082.0,1684.199951171875
2023-01-04,1852.800048828125,23.79199981689453,3.739500045776367,2270.0,2297.0,157.27499389648438,84.07499694824219,653.75,1478.25,745.5,72.83999633789062,77.83999633789062,4.171999931335449,2.259200096130371,2.97189998626709,205.4499969482422,80.44000244140625,161.3000030517578,19.540000915527344,2603.0,360.5,1080.699951171875,1788.0
2023-01-05,1834.800048828125,23.257999420166016,3.818000078201294,2262.75,2297.0,157.35000610351562,82.5250015258789,652.75,1466.75,746.75,73.66999816894531,78.69000244140625,3.7200000286102295,2.2671000957489014,2.9723000526428223,207.75,82.58000183105469,160.5500030517578,19.34000015258789,2617.0,354.1000061035156,1059.0999755859375,1724.0
2023-01-06,1864.199951171875,23.82200050354004,3.9084999561309814,2285.25,2297.0,156.77499389648438,80.2750015258789,654.0,1501.5,743.5,73.7699966430664,78.56999969482422,3.7100000381469727,2.2446000576019287,3.004499912261963,208.6999969482422,85.68000030517578,158.3000030517578,18.959999084472656,2605.0,354.0,1092.5999755859375,1798.0
2023-01-09,1872.699951171875,23.711999893188477,4.018499851226807,2443.25,2297.0,157.75,80.80000305175781,652.75,1503.5,741.5,74.62999725341797,79.6500015258789,3.9100000858306885,2.2929000854492188,3.0360000133514404,208.89999389648438,86.22000122070312,158.0500030517578,19.170000076293945,2690.0,350.0,1086.300048828125,1766.699951171875
2023-01-10,1871.5999755859375,23.506999969482422,4.066999912261963,2465.0,2297.0,157.75,79.80000305175781,655.0,1510.0,731.0,75.12000274658203,80.0999984741211,3.6389999389648438,2.327699899673462,3.135699987411499,208.64999389648438,84.76000213623047,150.89999389648438,19.639999389648438,2604.0,348.0,1076.5999755859375,1768.300048828125
2023-01-11,1874.5999755859375,23.32699966430664,4.1545000076293945,2506.25,2297.0,157.75,79.30000305175781,656.0,1515.0,740.0,77.41000366210938,82.66999816894531,3.6710000038146973,2.434499979019165,3.217900037765503,207.60000610351562,84.26000213623047,143.89999389648438,19.649999618530273,2633.0,345.0,1073.800048828125,1771.300048828125
2023-01-12,1895.5,23.863000869750977,4.185999870300293,2551.0,2297.0,157.5500030517578,78.75,671.0,1529.5,742.75,78.38999938964844,84.02999877929688,3.694999933242798,2.4753000736236572,3.2190001010894775,207.39999389648438,82.04000091552734,149.39999389648438,19.59000015258789,2640.0,351.79998779296875,1074.5999755859375,1781.0999755859375
2023-01-13,1918.4000244140625,24.231000900268555,4.207499980926514,2602.0,2297.0,157.72500610351562,78.6500015258789,675.0,1538.25,743.75,79.86000061035156,85.27999877929688,3.4189999103546143,2.5327999591827393,3.2558999061584473,207.1999969482422,82.29000091552734,151.6999969482422,19.729999542236328,2651.0,344.0,1063.699951171875,1777.5
2023-01-17,1907.199951171875,23.944000244140625,4.215000152587891,2628.25,2297.0,157.0,78.44999694824219,685.25,1539.75,751.75,80.18000030517578,85.91999816894531,3.5859999656677246,2.545099973678589,3.250999927520752,206.1999969482422,82.81999969482422,151.10000610351562,20.139999389648438,2641.0,429.8999938964844,1037.5,1724.199951171875
2023-01-18,1904.4000244140625,23.530000686645508,4.228499889373779,2643.75,2297.0,156.8000030517578,77.32499694824219,681.25,1524.5,742.5,79.4800033569336,84.9800033569336,3.311000108718872,2.5234999656677246,3.263000011444092,205.5500030517578,84.80999755859375,155.0,19.81999969482422,2620.0,426.20001220703125,1034.5,1696.199951171875
2023-01-19,1922.0999755859375,23.753999710083008,4.226500034332275,2589.75,2297.0,155.9499969482422,76.6500015258789,677.25,1514.75,734.5,80.33000183105469,86.16000366210938,3.2750000953674316,2.5968000888824463,3.3759000301361084,204.1999969482422,83.38999938964844,154.60000610351562,19.68000030517578,2570.0,431.29998779296875,1032.0,1759.0
2023-01-20,1926.4000244140625,23.829999923706055,4.248499870300293,2608.75,2297.0,156.625,77.82499694824219,676.25,1506.5,741.5,81.30999755859375,87.62999725341797,3.1740000247955322,2.645400047302246,3.4667999744415283,203.5,86.69999694824219,154.8000030517578,19.719999313354492,2569.0,430.79998779296875,1038.0999755859375,1713.699951171875
2023-01-23,1927.0999755859375,23.45199966430664,4.254000186920166,2650.5,2297.0,157.47500610351562,77.57499694824219,666.25,1490.25,720.0,81.62000274658203,88.19000244140625,3.447000026702881,2.696500062942505,3.5508999824523926,204.39999389648438,87.38999938964844,158.5500030517578,19.700000762939453,2608.0,434.8999938964844,1046.699951171875,1692.9000244140625
2023-01-24,1933.9000244140625,23.64900016784668,4.245500087738037,2665.0,2297.0,157.85000610351562,77.0999984741211,677.0,1488.5,734.5,80.12999725341797,86.12999725341797,3.257999897003174,2.648699998855591,3.4272000789642334,203.8000030517578,86.23999786376953,159.85000610351562,19.8799991607666,2585.0,458.8999938964844,1057.699951171875,1727.0
2023-01-25,1941.199951171875,23.839000701904297,4.239999771118164,2670.75,2297.0,157.60000610351562,76.80000305175781,674.75,1502.5,741.25,80.1500015258789,86.12000274658203,3.066999912261963,2.593400001525879,3.361299991607666,204.10000610351562,86.66000366210938,162.4499969482422,20.110000610351562,2592.0,464.20001220703125,1037.0,1679.4000244140625
2023-01-26,1929.0999755859375,23.93000030517578,4.267000198364258,2656.5,2297.0,156.72500610351562,77.0250015258789,682.5,1523.5,752.5,81.01000213623047,87.47000122070312,2.944000005722046,2.6120998859405518,3.3965001106262207,205.5,87.5,167.14999389648438,20.68000030517578,2629.0,488.20001220703125,1013.5999755859375,1655.300048828125
2023-01-27,1928.5999755859375,23.527000427246094,4.223999977111816,2638.75,2297.0,156.72500610351562,75.875,683.0,1509.5,750.0,79.68000030517578,86.66000366210938,3.1089999675750732,2.588599920272827,3.265500068664551,205.75,86.88999938964844,169.89999389648438,20.959999084472656,2627.0,492.5,1007.4000244140625,1591.199951171875
2023-01-30,1922.9000244140625,23.645000457763672,4.203499794006348,2595.0,2297.0,158.75,75.1500015258789,683.75,1535.25,752.5,77.9000015258789,84.9000015258789,2.677000045776367,2.4988999366760254,3.11080002784729,209.3000030517578,85.0999984741211,170.39999389648438,21.209999084472656,2611.0,516.5,1011.4000244140625,1622.0
2023-01-31,1929.5,23.74799919128418,4.228499889373779,2639.0,2297.0,158.85000610351562,74.875,679.75,1538.0,761.25,78.87000274658203,84.48999786376953,2.684000015258789,2.5434999465942383,3.182300090789795,219.1999969482422,86.22000122070312,181.75,21.760000228881836,2581.0,524.0999755859375,1012.0,1644.5
2023-02-01,1927.800048828125,23.520999908447266,4.111000061035156,2608.5,2297.0,158.4250030517578,73.9749984741211,681.0,1520.25,759.75,76.41000366210938,82.83999633789062,2.4679999351501465,2.4537999629974365,2.9511001110076904,229.1999969482422,85.61000061035156,175.89999389648438,21.3700008392334,2592.0,509.6000061035156,992.5999755859375,1628.800048828125
2023-02-02,1916.300048828125,23.534000396728516,4.093999862670898,2605.5,2297.0,159.75,75.3499984741211,675.25,1534.25,761.0,75.87999725341797,82.16999816894531,2.4560000896453857,2.4523000717163086,2.896699905395508,239.10000610351562,86.38999938964844,177.89999389648438,21.65999984741211,2583.0,512.2000122070312,1023.5,1638.800048828125
2023-02-03,1862.9000244140625,22.333999633789062,4.063000202178955,2550.0,2297.0,160.27499389648438,75.0250015258789,677.5,1532.0,756.75,73.38999938964844,79.94000244140625,2.4100000858306885,2.321000099182129,2.7753000259399414,241.75,85.43000030517578,172.8000030517578,21.239999771118164,2569.0,499.79998779296875,971.7999877929688,1614.5999755859375
2023-02-06,1866.199951171875,22.177000045776367,4.043499946594238,2515.75,2297.0,160.8249969482422,75.05000305175781,679.0,1521.25,750.25,74.11000061035156,80.98999786376953,2.4570000171661377,2.3733999729156494,2.768699884414673,243.14999389648438,83.2699966430664,175.6999969482422,20.65999984741211,2577.0,486.70001220703125,966.0999755859375,1575.5999755859375
2023-02-07,1871.699951171875,22.117000579833984,4.088500022888184,2518.5,2297.0,160.5749969482422,75.375,674.0,1515.25,749.75,77.13999938964844,83.69000244140625,2.5840001106262207,2.4567999839782715,2.904400110244751,248.89999389648438,85.62999725341797,177.0500030517578,20.84000015258789,2581.0,469.5,977.7000122070312,1638.5999755859375
2023-02-08,1877.4000244140625,22.367000579833984,4.043499946594238,2468.25,2297.0,160.8000030517578,75.92500305175781,678.5,1519.75,764.75,78.47000122070312,85.08999633789062,2.3959999084472656,2.4628000259399414,2.8933000564575195,256.95001220703125,85.37000274658203,175.60000610351562,21.200000762939453,2579.0,454.1000061035156,978.7000122070312,1632.9000244140625
2023-02-09,1866.199951171875,22.097000122070312,4.105500221252441,2487.5,2297.0,160.8249969482422,75.82499694824219,670.75,1519.25,757.25,78.05999755859375,84.5,2.430000066757202,2.447499990463257,2.8153998851776123,262.54998779296875,85.5,173.64999389648438,21.450000762939453,2578.0,433.6000061035156,957.9000244140625,1613.699951171875
2023-02-10,1862.800048828125,22.034000396728516,4.027500152587891,2429.0,2297.0,161.1999969482422,75.875,680.5,1542.5,786.0,79.72000122070312,86.38999938964844,2.5139999389648438,2.503700017929077,2.8645999431610107,252.5500030517578,85.2699966430664,174.75,21.579999923706055,2564.0,419.6000061035156,945.5999755859375,1521.9000244140625
2023-02-13,1851.9000244140625,21.81800079345703,4.086999893188477,2389.0,2297.0,162.27499389648438,75.82499694824219,685.0,1542.75,792.0,80.13999938964844,86.61000061035156,2.4049999713897705,2.531100034713745,2.9056999683380127,232.85000610351562,85.63999938964844,177.0500030517578,21.200000762939453,2621.0,414.1000061035156,953.2999877929688,1533.5
2023-02-14,1854.0,21.841999053955078,4.110000133514404,2381.0,2297.0,162.14999389648438,75.67500305175781,682.25,1537.5,786.0,79.05999755859375,85.58000183105469,2.566999912261963,2.4885001182556152,2.9400999546051025,234.4499969482422,85.4000015258789,183.5500030517578,21.56999969482422,2621.0,402.70001220703125,933.0999755859375,1463.199951171875
2023-02-15,1834.199951171875,21.54599952697754,4.052000045776367,2354.75,2297.0,162.5500030517578,86.5,676.25,1525.75,769.25,78.58999633789062,85.37999725341797,2.4709999561309814,2.49780011177063,2.844399929046631,230.9499969482422,82.55000305175781,176.85000610351562,21.3799991607666,2692.0,400.8999938964844,911.7000122070312,1441.5
2023-02-16,1842.0,21.68400001525879,4.165500164031982,2362.5,2297.0,162.77499389648438,85.7750015258789,676.0,1526.5,765.0,78.48999786376953,85.13999938964844,2.3889999389648438,2.435499906539917,2.810800075531006,234.5500030517578,81.25,180.6999969482422,21.450000762939453,2700.0,389.3999938964844,925.0999755859375,1522.699951171875
2023-02-17,1840.4000244140625,21.694000244140625,4.113999843597412,2343.75,2297.0,163.5749969482422,85.2750015258789,677.75,1527.25,765.5,76.33999633789062,83.0,2.2750000953674316,2.4082000255584717,2.712100028991699,240.1999969482422,80.25,188.6999969482422,21.40999984741211,2722.0,382.1000061035156,915.5,1489.5
2023-02-21,1833.0,21.868999481201172,4.234499931335449,2411.5,2297.0,164.75,89.0999984741211,680.5,1548.75,750.5,76.16000366210938,83.05000305175781,2.072999954223633,2.415600061416626,2.7918999195098877,236.10000610351562,80.91999816894531,194.4499969482422,21.329999923706055,2732.0,379.70001220703125,942.7000122070312,1517.699951171875
2023-02-22,1832.0,21.660999298095703,4.202499866485596,2361.5,2297.0,164.89999389648438,86.55000305175781,674.0,1539.5,736.5,73.94999694824219,80.5999984741211,2.1740000247955322,2.337599992752075,2.7147998809814453,241.1999969482422,82.25,199.5,21.290000915527344,2738.0,374.0,947.4000244140625,1479.199951171875
2023-02-23,1818.0,21.298999786376953,4.072999954223633,2339.75,2297.0,165.14999389648438,86.19999694824219,660.25,1534.25,738.25,75.38999938964844,82.20999908447266,2.313999891281128,2.379499912261963,2.7081000804901123,243.5,82.41000366210938,193.64999389648438,21.579999923706055,2729.0,372.6000061035156,939.5999755859375,1425.5999755859375
2023-02-24,1808.800048828125,20.805999755859375,3.9549999237060547,2294.5,2297.0,165.1999969482422,86.0250015258789,650.0,1529.0,708.25,76.31999969482422,83.16000366210938,2.4509999752044678,2.3587000370025635,2.7962000370025635,253.5,85.12999725341797,191.1999969482422,21.280000686645508,2707.0,387.1000061035156,902.0,1374.300048828125
2023-02-27,1817.0,20.670000076293945,4.008999824523926,2327.0,2297.0,165.0,84.7249984741211,642.75,1518.25,696.0,75.68000030517578,82.44999694824219,2.7309999465942383,2.368299961090088,2.8197999000549316,273.5,85.0,190.6999969482422,22.09000015258789,2715.0,395.70001220703125,941.5999755859375,1410.5
2023-02-28,1828.9000244140625,20.961000442504883,4.097499847412109,2323.5,2297.0,167.5,85.17500305175781,629.5,1490.5,691.5,77.05000305175781,83.88999938964844,2.746999979019165,2.434299945831299,2.8208999633789062,279.3500061035156,84.19000244140625,190.39999389648438,22.079999923706055,2748.0,402.79998779296875,955.2000122070312,1404.4000244140625
2023-03-01,1837.699951171875,20.958999633789062,4.168000221252441,2379.25,2297.0,165.125,84.94999694824219,640.5,1504.25,697.0,77.69000244140625,84.30999755859375,2.811000108718872,2.674799919128418,2.873800039291382,269.3500061035156,84.56999969482422,185.3000030517578,20.56999969482422,2800.0,376.70001220703125,961.5,1421.699951171875
2023-03-02,1833.5,20.766000747680664,4.084000110626221,2367.25,2297.0,164.10000610351562,83.8499984741211,637.75,1519.75,701.25,78.16000366210938,84.75,2.765000104904175,2.7002999782562256,2.8661999702453613,256.45001220703125,82.8499984741211,183.9499969482422,20.309999465942383,2760.0,371.79998779296875,962.9000244140625,1428.9000244140625
2023-03-03,1847.699951171875,21.093000411987305,4.078000068664551,2369.75,2297.0,165.4250030517578,84.55000305175781,645.25,1530.5,695.75,79.68000030517578,85.83000183105469,3.009000062942505,2.7504000663757324,2.913100004196167,258.1499938964844,84.37000274658203,180.8000030517578,20.920000076293945,2730.0,370.79998779296875,977.2000122070312,1431.199951171875
2023-03-06,1847.9000244140625,20.983999252319336,4.100500106811523,2368.75,2297.0,166.10000610351562,83.4749984741211,644.5,1541.0,682.5,80.45999908447266,86.18000030517578,2.572000026702881,2.7964999675750732,2.8866000175476074,261.70001220703125,84.86000061035156,182.4499969482422,20.8700008392334,2761.0,370.0,976.0999755859375,1407.4000244140625
2023-03-07,1813.9000244140625,20.054000854492188,3.9865000247955322,2328.75,2297.0,165.97500610351562,84.80000305175781,642.0,1525.25,684.75,77.58000183105469,83.29000091552734,2.687000036239624,2.700700044631958,2.797499895095825,269.79998779296875,82.88999938964844,184.5500030517578,21.020000457763672,2726.0,364.5,933.4000244140625,1353.699951171875
2023-03-08,1812.699951171875,20.0049991607666,4.041500091552734,2327.5,2297.0,165.4499969482422,85.75,634.5,1526.75,674.5,76.66000366210938,82.66000366210938,2.5510001182556152,2.6888999938964844,2.7418999671936035,262.25,82.73999786376953,179.5500030517578,20.8799991607666,2699.0,363.5,938.0999755859375,1346.4000244140625
2023-03-09,1829.300048828125,20.024999618530273,4.054500102996826,2306.0,2297.0,164.8000030517578,85.07499694824219,618.5,1520.0,653.5,75.72000122070312,81.58999633789062,2.5429999828338623,2.60509991645813,2.6689000129699707,273.25,82.30000305175781,178.0,21.149999618530273,2702.0,362.0,946.7999877929688,1359.4000244140625
2023-03-10,1862.0,20.375,4.045499801635742,2291.75,2297.0,164.27499389648438,87.44999694824219,624.25,1513.0,666.75,76.68000030517578,82.77999877929688,2.430000066757202,2.6458001136779785,2.772900104522705,269.04998779296875,78.18000030517578,182.25,21.15999984741211,2674.0,356.0,959.7000122070312,1348.0999755859375
2023-03-13,1911.699951171875,21.792999267578125,4.069499969482422,2299.5,2297.0,163.5500030517578,86.2249984741211,624.5,1500.0,672.25,74.80000305175781,80.7699966430664,2.6059999465942383,2.591399908065796,2.7614998817443848,263.1499938964844,81.18000030517578,183.1999969482422,20.799999237060547,2613.0,353.6000061035156,1002.5,1461.699951171875
2023-03-14,1906.199951171875,21.929000854492188,4.010499954223633,2316.75,2297.0,163.0500030517578,85.4000015258789,627.5,1499.75,686.5,71.33000183105469,77.44999694824219,2.572999954223633,2.552999973297119,2.714400053024292,244.60000610351562,81.37000274658203,180.89999389648438,20.68000030517578,2628.0,344.0,994.9000244140625,1503.5
2023-03-15,1926.5999755859375,21.77400016784668,3.8564999103546143,2242.5,2297.0,161.5500030517578,83.75,626.5,1489.25,702.75,67.61000061035156,73.69000244140625,2.438999891281128,2.4384000301361084,2.6048998832702637,240.14999389648438,79.11000061035156,178.0500030517578,20.5,2586.0,347.5,967.9000244140625,1430.5999755859375
2023-03-16,1919.0,21.58799934387207,3.885499954223633,2233.25,2297.0,162.35000610351562,79.44999694824219,632.75,1491.5,699.0,68.3499984741211,74.69999694824219,2.5139999389648438,2.503499984741211,2.6435000896453857,239.6999969482422,79.16000366210938,185.5,20.760000228881836,2658.0,438.6000061035156,974.7000122070312,1395.800048828125
2023-03-17,1969.800048828125,22.35099983215332,3.9135000705718994,2229.25,2297.0,162.3249969482422,79.875,634.25,1476.5,710.5,66.73999786376953,72.97000122070312,2.3380000591278076,2.501499891281128,2.6786999702453613,242.5500030517578,77.83000183105469,183.0,20.670000076293945,2738.0,451.5,976.7000122070312,1372.199951171875
2023-03-20,1979.199951171875,22.533000946044922,3.9755001068115234,2240.5,2297.0,162.02499389648438,77.7750015258789,633.0,1486.0,700.75,67.63999938964844,73.79000091552734,2.2230000495910645,2.5360000133514404,2.6870999336242676,238.14999389648438,77.22000122070312,184.89999389648438,20.479999542236328,2785.0,444.3999938964844,994.9000244140625,1386.5
2023-03-21,1938.0,22.323999404907227,4.018499851226807,2243.75,2297.0,162.4250030517578,77.05000305175781,630.0,1467.0,683.25,69.33000183105469,75.31999969482422,2.3480000495910645,2.5388998985290527,2.690200090408325,238.5,77.8499984741211,186.6999969482422,20.799999237060547,2817.0,440.70001220703125,974.7999877929688,1369.300048828125
2023-03-22,1946.800048828125,22.674999237060547,4.06850004196167,2266.25,2297.0,162.3000030517578,76.07499694824219,633.5,1448.5,663.5,70.9000015258789,76.69000244140625,2.1710000038146973,2.5931999683380127,2.740299940109253,240.4499969482422,78.27999877929688,178.0,21.139999389648438,2874.0,431.5,985.0999755859375,1433.300048828125
2023-03-23,1993.800048828125,23.143999099731445,4.145999908447266,2298.5,2297.0,162.14999389648438,75.75,631.75,1419.5,662.0,69.95999908447266,75.91000366210938,2.1540000438690186,2.6059000492095947,2.6847000122070312,243.9499969482422,77.58000183105469,174.3000030517578,20.889999389648438,2868.0,411.20001220703125,991.0,1421.4000244140625
2023-03-24,1982.0999755859375,23.246999740600586,4.101500034332275,2308.0,2297.0,163.0,77.17500305175781,643.0,1428.25,688.5,69.26000213623047,74.98999786376953,2.2160000801086426,2.5885000228881836,2.695199966430664,253.9499969482422,76.54000091552734,179.25,20.81999969482422,2884.0,413.5,982.0,1403.300048828125
2023-03-27,1952.4000244140625,23.054000854492188,4.104499816894531,2341.75,2297.0,164.89999389648438,78.625,648.25,1442.25,698.0,72.80999755859375,78.12000274658203,2.0880000591278076,2.6842000484466553,2.770400047302246,252.5500030517578,79.5199966430664,176.89999389648438,20.93000030517578,2902.0,397.8999938964844,975.2000122070312,1392.9000244140625
2023-03-28,1972.4000244140625,23.323999404907227,4.111999988555908,2370.25,2297.0,164.9499969482422,77.75,647.25,1467.75,699.75,73.19999694824219,78.6500015258789,2.0299999713897705,2.712100028991699,2.7695999145507812,252.39999389648438,82.5199966430664,173.75,21.309999465942383,2901.0,382.20001220703125,961.5,1403.5
2023-03-29,1966.0999755859375,23.375999450683594,4.114999771118164,2360.0,2297.0,165.8249969482422,76.7750015258789,650.5,1477.25,704.75,72.97000122070312,78.27999877929688,1.9910000562667847,2.668100118637085,2.658099889755249,262.3999938964844,82.76000213623047,169.6999969482422,21.25,2880.0,376.1000061035156,963.5999755859375,1425.9000244140625
2023-03-30,1980.300048828125,23.902000427246094,4.0904998779296875,2363.5,2297.0,167.5500030517578,76.44999694824219,649.5,1474.5,692.25,74.37000274658203,79.2699966430664,2.1040000915527344,2.661400079727173,2.623699903488159,266.29998779296875,83.5,169.8000030517578,21.959999084472656,2917.0,376.6000061035156,985.2000122070312,1464.5999755859375
2023-03-31,1969.0,24.076000213623047,4.104499816894531,2383.75,2297.0,168.35000610351562,75.25,660.5,1505.5,692.25,75.66999816894531,79.7699966430664,2.2160000801086426,2.700500011444092,2.676300048828125,269.5,82.77999877929688,170.5,22.25,2933.0,371.3999938964844,994.0999755859375,1466.0
2023-04-03,1983.9000244140625,23.94099998474121,4.059500217437744,2378.75,2297.0,168.125,74.5250015258789,657.75,1522.0,693.5,80.41999816894531,84.93000030517578,2.0969998836517334,2.757499933242798,2.662600040435791,272.54998779296875,82.37999725341797,176.25,22.399999618530273,2868.0,370.70001220703125,986.9000244140625,1456.0
2023-04-04,2022.199951171875,25.02199935913086,3.9835000038146973,2348.25,2297.0,167.60000610351562,72.2249984741211,653.75,1517.5,691.5,80.70999908447266,84.94000244140625,2.1059999465942383,2.7370998859405518,2.6666998863220215,276.70001220703125,81.05000305175781,174.85000610351562,22.469999313354492,2914.0,377.1000061035156,1018.7000122070312,1452.4000244140625
2023-04-05,2020.9000244140625,24.96299934387207,3.997999906539917,2315.5,2297.0,168.39999389648438,73.4000015258789,652.75,1511.0,682.0,80.61000061035156,84.98999786376953,2.1549999713897705,2.8201000690460205,2.7309999465942383,282.20001220703125,81.06999969482422,180.14999389648438,22.950000762939453,2903.0,384.0,997.5,1422.0
2023-04-06,2011.9000244140625,25.024999618530273,4.026000022888184,2325.0,2297.0,171.0749969482422,74.1500015258789,643.5,1492.5,675.5,80.69999694824219,85.12000274658203,2.010999917984009,2.8132998943328857,2.6605000495910645,275.5,83.19999694824219,183.60000610351562,23.610000610351562,2919.0,384.8999938964844,1006.9000244140625,1459.0999755859375
2023-04-10,1989.0999755859375,24.84600067138672,3.9865000247955322,2324.75,2297.0,171.375,73.375,654.0,1487.25,678.5,79.73999786376953,84.18000030517578,2.171999931335449,2.8078999519348145,2.6814000606536865,277.5,82.44999694824219,182.60000610351562,23.559999465942383,2922.0,382.70001220703125,993.0999755859375,1404.300048828125
2023-04-11,2004.800048828125,25.131000518798828,4.024499893188477,2295.25,2297.0,172.3000030517578,73.05000305175781,651.0,1497.25,674.0,81.52999877929688,85.61000061035156,2.186000108718872,2.8652000427246094,2.6682000160217285,284.8999938964844,82.75,190.5,24.3700008392334,2985.0,385.20001220703125,995.5999755859375,1440.300048828125
2023-04-12,2010.9000244140625,25.40399932861328,4.084499835968018,2316.0,2297.0,174.27499389648438,72.30000305175781,656.0,1504.25,679.5,83.26000213623047,87.33000183105469,2.0929999351501465,2.8726999759674072,2.7030999660491943,278.1000061035156,82.44999694824219,190.25,24.049999237060547,2954.0,387.5,1018.0,1452.5999755859375
2023-04-13,2041.300048828125,25.874000549316406,4.124000072479248,2365.75,2297.0,175.5,71.5999984741211,652.25,1501.0,667.0,82.16000366210938,86.08999633789062,2.006999969482422,2.831700086593628,2.672800064086914,280.3999938964844,83.3499984741211,196.10000610351562,24.040000915527344,3002.0,411.3999938964844,1056.0999755859375,1492.300048828125
2023-04-14,2002.199951171875,25.423999786376953,4.107500076293945,2379.0,2297.0,174.75,71.75,666.25,1500.5,682.5,82.5199966430664,86.30999755859375,2.114000082015991,2.835900068283081,2.63919997215271,274.8500061035156,82.86000061035156,193.39999389648438,24.100000381469727,2984.0,419.29998779296875,1044.5999755859375,1493.0
2023-04-17,1994.199951171875,25.05299949645996,4.065999984741211,2377.75,2297.0,175.75,71.875,676.5,1517.0,696.5,80.83000183105469,84.76000213623047,2.2750000953674316,2.7739999294281006,2.6147000789642334,272.8500061035156,83.30000305175781,201.0,24.440000534057617,3003.0,427.5,1050.4000244140625,1557.199951171875
2023-04-18,2007.4000244140625,25.24799919128418,4.0894999504089355,2428.75,2297.0,176.47500610351562,78.82499694824219,677.5,1519.25,698.0,80.86000061035156,84.7699966430664,2.365999937057495,2.7509000301361084,2.599900007247925,274.1000061035156,84.55000305175781,205.25,24.540000915527344,3054.0,403.5,1087.9000244140625,1639.5999755859375
2023-04-19,1995.199951171875,25.365999221801758,4.072000026702881,2442.5,2297.0,175.4250030517578,78.7750015258789,672.25,1506.5,681.75,79.16000366210938,83.12000274658203,2.2219998836517334,2.6454999446868896,2.5576999187469482,271.8500061035156,83.23999786376953,202.5500030517578,24.3700008392334,3079.0,399.8999938964844,1096.699951171875,1615.5
2023-04-20,2007.5999755859375,25.368000030517578,4.021999835968018,2422.25,2297.0,174.10000610351562,76.82499694824219,663.75,1497.5,667.75,77.29000091552734,81.0999984741211,2.249000072479248,2.586400032043457,2.4948999881744385,274.3999938964844,79.23999786376953,195.89999389648438,25.25,3087.0,398.5,1098.699951171875,1585.4000244140625
2023-04-21,1979.5,25.05299949645996,3.9800000190734863,2386.75,2297.0,173.97500610351562,77.0250015258789,663.25,1483.5,661.75,77.87000274658203,81.66000366210938,2.2330000400543213,2.601599931716919,2.488600015640259,275.3500061035156,78.41000366210938,194.1999969482422,24.829999923706055,3171.0,398.1000061035156,1129.800048828125,1604.0999755859375
2023-04-24,1989.0999755859375,25.305999755859375,3.953000068664551,2375.25,2297.0,174.3000030517578,77.69999694824219,651.25,1465.25,643.5,78.76000213623047,82.7300033569336,2.2730000019073486,2.6317999362945557,2.5309998989105225,278.1499938964844,78.9800033569336,196.75,25.90999984741211,3203.0,382.6000061035156,1088.800048828125,1531.0999755859375
2023-04-25,1994.0,24.87700080871582,3.8459999561309814,2329.25,2297.0,174.3000030517578,76.875,646.5,1445.25,638.75,77.06999969482422,80.7699966430664,2.306999921798706,2.588599920272827,2.4511001110076904,286.29998779296875,77.0,192.4499969482422,26.649999618530273,3149.0,363.70001220703125,1089.300048828125,1477.5999755859375
2023-04-26,1985.699951171875,24.871000289916992,3.8499999046325684,2318.5,2297.0,174.52499389648438,78.2750015258789,641.5,1436.0,627.25,74.30000305175781,77.69000244140625,2.117000102996826,2.5494000911712646,2.372999906539917,276.29998779296875,76.51000213623047,195.85000610351562,26.510000228881836,3176.0,349.0,1097.0999755859375,1505.0999755859375
2023-04-27,1989.9000244140625,24.982999801635742,3.864500045776367,2311.5,2297.0,175.4499969482422,78.125,627.0,1426.75,614.75,74.76000213623047,78.37000274658203,2.3550000190734863,2.5327999591827393,2.3541998863220215,270.1000061035156,78.62999725341797,192.10000610351562,26.989999771118164,3150.0,353.29998779296875,1091.300048828125,1500.4000244140625
2023-04-28,1990.0999755859375,24.999000549316406,3.869999885559082,2359.75,2297.0,175.1750030517578,79.6500015258789,636.0,1444.25,619.75,76.77999877929688,79.54000091552734,2.4100000858306885,2.578000068664551,2.378700017929077,267.54998779296875,79.02999877929688,189.85000610351562,26.989999771118164,3174.0,351.79998779296875,1088.199951171875,1517.9000244140625
2023-05-01,1983.4000244140625,25.009000778198242,3.9170000553131104,2390.75,2297.0,164.875,79.30000305175781,639.5,1454.75,603.75,75.66000366210938,79.30999755859375,2.318000078201294,2.5504000186920166,2.3822999000549316,271.8999938964844,79.54000091552734,189.25,25.540000915527344,3171.0,341.0,1062.800048828125,1454.800048828125
2023-05-02,2014.300048828125,25.40399932861328,3.8480000495910645,2382.75,2297.0,162.89999389648438,78.17500305175781,638.0,1439.5,595.5,71.66000366210938,75.31999969482422,2.2139999866485596,2.435699939727783,2.2892000675201416,270.8999938964844,78.5999984741211,190.64999389648438,25.139999389648438,3130.0,341.0,1076.4000244140625,1429.0
2023-05-03,2028.5999755859375,25.47599983215332,3.8315000534057617,2330.75,2297.0,161.64999389648438,78.1500015258789,645.25,1448.0,626.25,68.5999984741211,72.33000183105469,2.1700000762939453,2.3220999240875244,2.232300043106079,274.45001220703125,76.98999786376953,189.1999969482422,25.170000076293945,3014.0,344.0,1059.9000244140625,1424.800048828125
2023-05-04,2048.0,26.03499984741211,3.8499999046325684,2300.5,2297.0,161.5749969482422,77.07499694824219,646.5,1448.5,631.5,68.55999755859375,72.5,2.1010000705718994,2.325900077819824,2.2386999130249023,271.0,79.98999786376953,186.39999389648438,25.520000457763672,3052.0,352.6000061035156,1048.4000244140625,1449.5999755859375
2023-05-05,2017.4000244140625,25.743000030517578,3.871500015258789,2329.5,2297.0,161.9250030517578,75.5250015258789,653.25,1469.0,647.0,71.33999633789062,75.30000305175781,2.13700008392334,2.378999948501587,2.31469988822937,274.20001220703125,82.12999725341797,191.0,26.31999969482422,3109.0,358.5,1066.4000244140625,1494.800048828125
2023-05-08,2026.300048828125,25.63599967956543,3.9179999828338623,2314.25,2297.0,162.4250030517578,75.625,656.5,1468.75,641.0,73.16000366210938,77.01000213623047,2.23799991607666,2.4616000652313232,2.377700090408325,278.6000061035156,81.52999877929688,186.89999389648438,26.09000015258789,3179.0,358.0,1088.800048828125,1571.4000244140625
2023-05-09,2036.199951171875,25.697999954223633,3.8889999389648438,2333.75,2297.0,163.9250030517578,76.2750015258789,642.25,1451.75,630.5,73.70999908447266,77.44000244140625,2.2669999599456787,2.4798998832702637,2.390199899673462,266.29998779296875,80.98999786376953,188.0,26.190000534057617,3229.0,344.0,1117.0999755859375,1587.699951171875
2023-05-10,2030.5,25.461000442504883,3.828000068664551,2284.75,2297.0,163.0,76.57499694824219,645.5,1436.5,628.25,72.55999755859375,76.41000366210938,2.190999984741211,2.4948999881744385,2.393399953842163,266.5,80.76000213623047,187.4499969482422,26.65999984741211,3260.0,348.8999938964844,1122.199951171875,1613.0999755859375
2023-05-11,2014.699951171875,24.2549991607666,3.697499990463257,2216.5,2297.0,162.9499969482422,76.5999984741211,632.5,1443.25,614.25,70.87000274658203,74.9800033569336,2.190000057220459,2.45770001411438,2.3494999408721924,249.14999389648438,79.62000274658203,185.8000030517578,26.020000457763672,3242.0,345.0,1108.0999755859375,1562.0
2023-05-12,2014.5,23.992000579833984,3.7165000438690186,2238.25,2297.0,164.39999389648438,76.625,633.25,1435.0,624.5,70.04000091552734,74.16999816894531,2.2660000324249268,2.4302000999450684,2.305500030517578,242.75,80.52999877929688,186.0,26.219999313354492,3226.0,339.0,1070.0999755859375,1521.800048828125
2023-05-15,2018.0,24.12700080871582,3.737499952316284,2250.25,2297.0,164.3249969482422,86.1500015258789,592.5,1400.75,660.75,71.11000061035156,75.2300033569336,2.375,2.4719998836517334,2.378000020980835,250.89999389648438,82.37000274658203,193.0500030517578,26.290000915527344,3160.0,344.0,1077.800048828125,1538.300048828125
2023-05-16,1988.4000244140625,23.73699951171875,3.6545000076293945,2260.0,2297.0,163.875,87.19999694824219,581.25,1364.0,647.5,70.86000061035156,74.91000366210938,2.375999927520752,2.479099988937378,2.3638999462127686,255.10000610351562,83.37999725341797,190.35000610351562,26.06999969482422,2995.0,,1070.0,1507.5999755859375
2023-05-17,1980.699951171875,23.75200080871582,3.743000030517578,2295.75,2297.0,164.8249969482422,84.875,561.5,1337.0,625.5,72.83000183105469,76.95999908447266,2.365000009536743,2.569200038909912,2.422600030899048,251.9499969482422,86.94000244140625,189.85000610351562,25.90999984741211,3000.0,,1085.699951171875,1492.9000244140625
2023-05-18,1956.5,23.4950008392334,3.68149995803833,2286.75,2297.0,165.52499389648438,85.30000305175781,555.25,1333.25,611.75,71.86000061035156,75.86000061035156,2.5920000076293945,2.5683000087738037,2.402600049972534,253.14999389648438,86.66000366210938,190.4499969482422,25.610000610351562,2991.0,,1061.300048828125,1458.199951171875
2023-05-19,1978.699951171875,23.920000076293945,3.7225000858306885,2300.0,2297.0,165.72500610351562,83.0250015258789,554.5,1307.25,605.0,71.55000305175781,75.58000183105469,2.5850000381469727,2.5761001110076904,2.3622000217437744,258.20001220703125,86.72000122070312,192.0,25.780000686645508,3068.0,,1078.800048828125,1531.800048828125
2023-05-22,1974.800048828125,23.71500015258789,3.6740000247955322,2290.5,2297.0,165.0500030517578,81.82499694824219,571.0,1341.25,606.25,71.98999786376953,75.98999786376953,2.4000000953674316,2.648900032043457,2.3664000034332275,268.20001220703125,85.31999969482422,189.1999969482422,25.989999771118164,3023.0,,1080.4000244140625,1500.199951171875
2023-05-23,1972.4000244140625,23.474000930786133,3.6414999961853027,2255.0,2297.0,164.27499389648438,80.67500305175781,577.5,1322.5,622.25,72.91000366210938,76.83999633789062,2.321000099182129,2.6621999740600586,2.3617000579833984,286.79998779296875,84.3499984741211,187.4499969482422,25.809999465942383,3016.0,,1060.699951171875,1454.699951171875
2023-05-24,1962.800048828125,23.114999771118164,3.553499937057495,2230.0,2297.0,166.10000610351562,79.80000305175781,587.25,1324.5,606.25,74.33999633789062,78.36000061035156,2.3980000019073486,2.7211999893188477,2.4137001037597656,293.8999938964844,81.72000122070312,188.0,25.489999771118164,3010.0,,1032.5999755859375,1406.0999755859375
2023-05-25,1943.0999755859375,22.785999298095703,3.5804998874664307,2233.25,2297.0,167.3000030517578,77.6500015258789,590.75,1324.0,604.25,71.83000183105469,76.26000213623047,2.306999921798706,2.6735000610351562,2.3461999893188477,290.5,80.12000274658203,182.6999969482422,24.829999923706055,3017.0,,1029.4000244140625,1423.5999755859375
2023-05-26,1944.0999755859375,23.239999771118164,3.6735000610351562,2245.0,2297.0,167.35000610351562,76.07499694824219,604.0,1337.25,616.0,72.66999816894531,76.94999694824219,2.180999994277954,2.703399896621704,2.36929988861084,291.95001220703125,83.3499984741211,181.60000610351562,25.3700008392334,2991.0,,1031.199951171875,1431.5
2023-05-30,1958.0,23.125,3.6579999923706055,2227.75,2297.0,168.875,80.82499694824219,594.0,1296.5,591.0,69.45999908447266,73.54000091552734,2.3269999027252197,2.595900058746338,2.2808001041412354,282.29998779296875,83.98999786376953,177.10000610351562,25.329999923706055,3005.0,,1030.0,1378.5999755859375
2023-05-31,1963.9000244140625,23.474000930786133,3.63100004196167,2255.5,2297.0,169.125,82.57499694824219,594.0,1299.75,594.25,68.08999633789062,72.66000366210938,2.2660000324249268,2.5599000453948975,2.2595999240875244,282.20001220703125,83.4800033569336,178.64999389648438,25.059999465942383,3007.0,,1007.0999755859375,1340.9000244140625
2023-06-01,1978.0,23.875,3.7065000534057617,2299.25,2297.0,174.89999389648438,83.55000305175781,592.5,1329.5,610.75,70.0999984741211,74.27999877929688,2.1579999923706055,2.436199903488159,2.31469988822937,283.54998779296875,86.41999816894531,183.0500030517578,24.8799991607666,3008.0,,1018.2000122070312,1375.9000244140625
2023-06-02,1952.4000244140625,23.64299964904785,3.7225000858306885,2269.5,2297.0,176.4250030517578,86.7249984741211,609.0,1352.5,619.0,71.73999786376953,76.12999725341797,2.171999931335449,2.500699996948242,2.3568999767303467,279.8999938964844,86.05000305175781,180.3000030517578,24.729999542236328,3026.0,,1011.5999755859375,1386.800048828125
2023-06-05,1958.0,23.534000396728516,3.762500047683716,2240.5,2297.0,177.14999389648438,85.32499694824219,597.5,1350.0,624.0,72.1500015258789,76.70999908447266,2.244999885559082,2.524399995803833,2.377500057220459,274.1499938964844,84.79000091552734,183.10000610351562,24.399999618530273,3056.0,,1044.5,1395.5
2023-06-06,1965.5,23.573999404907227,3.7669999599456787,2204.75,2297.0,179.8249969482422,88.30000305175781,608.0,1353.25,627.75,71.73999786376953,76.29000091552734,2.26200008392334,2.564300060272217,2.367799997329712,267.0,85.33999633789062,182.60000610351562,24.579999923706055,3045.0,,1046.800048828125,1396.5999755859375
2023-06-07,1942.699951171875,23.43899917602539,3.754499912261963,2207.25,2297.0,179.0,87.69999694824219,604.25,1360.75,616.75,72.52999877929688,76.94999694824219,2.3289999961853027,2.641200065612793,2.4017999172210693,257.6499938964844,85.01000213623047,185.39999389648438,24.5,3103.0,,1032.699951171875,1372.699951171875
2023-06-08,1963.5999755859375,24.263999938964844,3.7964999675750732,2240.75,2297.0,178.77499389648438,87.67500305175781,610.25,1363.25,626.25,71.29000091552734,75.95999908447266,2.3519999980926514,2.6126999855041504,2.3898000717163086,258.3500061035156,84.30999755859375,194.85000610351562,25.479999542236328,3149.0,,1022.0,1343.0999755859375
2023-06-09,1962.199951171875,24.333999633789062,3.7890000343322754,2254.25,2297.0,178.22500610351562,87.875,604.25,1386.5,630.25,70.16999816894531,74.79000091552734,2.253999948501587,2.5931999683380127,2.3610000610351562,257.95001220703125,84.04000091552734,190.64999389648438,25.3799991607666,3180.0,,1020.9000244140625,1289.5999755859375
2023-06-12,1955.300048828125,23.985000610351562,3.750499963760376,2211.25,2297.0,179.0749969482422,87.17500305175781,617.25,1372.75,633.75,67.12000274658203,71.83999633789062,2.2660000324249268,2.482599973678589,2.3090999126434326,259.3999938964844,83.48999786376953,185.5500030517578,25.469999313354492,3136.0,,1003.4000244140625,1325.9000244140625
2023-06-13,1944.5999755859375,23.756000518798828,3.8285000324249268,2220.75,2297.0,179.4250030517578,87.125,612.5,1399.25,636.25,69.41999816894531,74.29000091552734,2.3399999141693115,2.5578999519348145,2.3954999446868896,254.0500030517578,82.72000122070312,182.75,25.15999984741211,3186.0,,990.0,1344.0999755859375
2023-06-14,1955.300048828125,24.04400062561035,3.865999937057495,2243.75,2297.0,177.4499969482422,87.19999694824219,607.75,1388.25,630.25,68.2699966430664,73.19999694824219,2.3420000076293945,2.5546000003814697,2.3577001094818115,256.3999938964844,81.79000091552734,184.39999389648438,25.84000015258789,3189.0,,988.0999755859375,1387.9000244140625
2023-06-15,1957.800048828125,23.891000747680664,3.8965001106262207,2227.75,2297.0,177.5749969482422,91.92500305175781,623.25,1428.25,661.5,70.62000274658203,75.66999816894531,2.5329999923706055,2.641700029373169,2.479599952697754,266.3999938964844,80.63999938964844,187.0,26.0,3226.0,,1000.0,1383.0
2023-06-16,1958.4000244140625,24.076000213623047,3.884500026702881,2252.5,2297.0,178.35000610351562,92.8499984741211,640.25,1466.5,688.0,71.77999877929688,76.61000061035156,2.631999969482422,2.680500030517578,2.5513999462127686,265.6499938964844,81.45999908447266,184.89999389648438,26.43000030517578,3188.0,,995.4000244140625,1401.800048828125
2023-06-20,1935.5,23.19300079345703,3.878499984741211,2217.5,2297.0,177.125,95.8499984741211,643.75,1477.25,695.75,70.5,75.9000015258789,2.492000102996826,2.6092000007629395,2.475399971008301,267.54998779296875,80.66000366210938,177.4499969482422,26.219999313354492,3142.0,,976.0999755859375,1363.199951171875
2023-06-21,1933.300048828125,22.77400016784668,3.9110000133514404,2223.0,2297.0,177.25,94.75,671.0,1514.75,734.5,72.52999877929688,77.12000274658203,2.5969998836517334,2.6240999698638916,2.564199924468994,257.54998779296875,79.30999755859375,172.0,25.8799991607666,3164.0,,957.0999755859375,1335.5
2023-06-22,1912.699951171875,22.43600082397461,3.8884999752044678,2203.0,2297.0,177.64999389648438,91.8499984741211,660.5,1500.5,739.0,69.51000213623047,74.13999938964844,2.6080000400543213,2.550100088119507,2.4655001163482666,267.20001220703125,79.29000091552734,171.6999969482422,24.93000030517578,3138.0,,934.5999755859375,1261.699951171875
2023-06-23,1919.0999755859375,22.327999114990234,3.805999994277954,2168.25,2297.0,177.5,91.2750015258789,630.75,1494.5,733.25,69.16000366210938,73.8499984741211,2.7290000915527344,2.517199993133545,2.407099962234497,263.3500061035156,78.05999755859375,168.0500030517578,24.18000030517578,3123.0,,931.7999877929688,1268.0999755859375
2023-06-26,1923.699951171875,22.80500030517578,3.7864999771118164,2149.5,2297.0,177.6999969482422,93.4000015258789,637.25,1521.0,724.25,69.37000274658203,74.18000030517578,2.7909998893737793,2.5374999046325684,2.438800096511841,265.1000061035156,77.06999969482422,167.9499969482422,23.719999313354492,3206.0,,936.7000122070312,1291.800048828125
2023-06-27,1914.0,22.93899917602539,3.7815001010894775,2170.0,2297.0,179.3000030517578,94.125,623.0,1495.0,685.0,67.69999694824219,72.26000213623047,2.763000011444092,2.5167999267578125,2.3989999294281006,266.20001220703125,77.63999938964844,169.4499969482422,23.030000686645508,3212.0,,936.5999755859375,1283.199951171875
2023-06-28,1912.300048828125,22.868000030517578,3.7204999923706055,2148.25,2297.0,179.625,94.2750015258789,590.0,1451.0,655.75,69.55999755859375,74.02999877929688,2.6029999256134033,2.6033999919891357,2.4066998958587646,264.25,80.12000274658203,165.64999389648438,22.56999969482422,3292.0,,923.4000244140625,1236.0
2023-06-29,1909.199951171875,22.590999603271484,3.677500009536743,2126.0,2297.0,179.75,95.44999694824219,581.0,1483.0,653.0,69.86000061035156,74.33999633789062,2.7009999752044678,2.6177000999450684,2.415600061416626,274.25,81.25,163.60000610351562,22.06999969482422,3218.0,,897.7999877929688,1218.800048828125
2023-06-30,1921.0999755859375,22.809999465942383,3.740999937057495,2114.75,2297.0,181.5,95.6500015258789,554.5,1557.25,636.25,70.63999938964844,74.9000015258789,2.7980000972747803,2.634000062942505,2.448199987411499,271.75,82.83999633789062,161.0,22.889999389648438,3318.0,,904.5,1213.4000244140625
2023-07-03,1921.699951171875,22.895999908447266,3.7790000438690186,2112.75,2297.0,176.8249969482422,97.82499694824219,557.25,1562.0,628.5,69.79000091552734,74.6500015258789,2.7090001106262207,2.462399959564209,2.3773000240325928,278.0,83.43000030517578,162.5,23.31999969482422,3364.0,,909.2999877929688,1218.4000244140625
2023-07-05,1919.5999755859375,23.19700050354004,3.753499984741211,2119.25,2297.0,174.9499969482422,101.2750015258789,548.25,1547.25,662.0,71.79000091552734,76.6500015258789,2.6570000648498535,2.5183000564575195,2.493299961090088,285.25,82.44999694824219,161.0500030517578,23.530000686645508,3334.0,,918.0999755859375,1249.300048828125
2023-07-06,1908.699951171875,22.68600082397461,3.7200000286102295,2103.0,2297.0,174.5749969482422,100.05000305175781,566.75,1525.75,647.0,71.80000305175781,76.5199966430664,2.6089999675750732,2.543800115585327,2.4793999195098877,288.04998779296875,82.87999725341797,162.35000610351562,23.25,3277.0,,904.5,1230.800048828125
2023-07-07,1926.199951171875,23.091999053955078,3.7669999599456787,2111.25,2297.0,177.0,99.0,560.5,1485.5,639.5,73.86000061035156,78.47000122070312,2.5820000171661377,2.5892999172210693,2.5590999126434326,295.8999938964844,81.19999694824219,162.8000030517578,23.530000686645508,3274.0,,910.0999755859375,1236.5
2023-07-10,1925.0,23.150999069213867,3.7715001106262207,2115.5,2297.0,177.1999969482422,98.80000305175781,570.75,1508.0,636.25,72.98999786376953,77.69000244140625,2.6689999103546143,2.5696001052856445,2.5532000064849854,296.0,79.94999694824219,161.75,23.440000534057617,3299.0,,929.2000122070312,1228.0999755859375
2023-07-11,1931.300048828125,23.086000442504883,3.753499984741211,2127.5,2297.0,178.8249969482422,101.2750015258789,571.75,1520.5,649.5,74.83000183105469,79.4000015258789,2.7309999465942383,2.6226999759674072,2.583699941635132,298.5,82.94999694824219,159.3000030517578,23.530000686645508,3296.0,,925.5999755859375,1239.300048828125
2023-07-12,1956.199951171875,24.118999481201172,3.8420000076293945,2193.75,2297.0,176.875,101.17500305175781,549.75,1488.5,621.25,75.75,80.11000061035156,2.631999969482422,2.6670000553131104,2.599600076675415,272.3999938964844,82.51000213623047,158.75,23.90999984741211,3299.0,,948.9000244140625,1271.199951171875
2023-07-13,1959.199951171875,24.76799964904785,3.929500102996826,2242.0,2297.0,176.89999389648438,102.3499984741211,593.5,1518.0,627.5,76.88999938964844,81.36000061035156,2.5450000762939453,2.6786000728607178,2.6103999614715576,271.25,82.79000091552734,159.35000610351562,24.010000228881836,3232.0,,975.2999877929688,1283.199951171875
2023-07-14,1960.0999755859375,25.013999938964844,3.921999931335449,2235.0,2297.0,180.1750030517578,101.9749984741211,599.75,1495.75,641.5,75.41999816894531,79.87000274658203,2.5390000343322754,2.643699884414673,2.597899913787842,272.5,82.66000366210938,161.9499969482422,24.31999969482422,3307.0,,974.0,1257.800048828125
2023-07-17,1952.4000244140625,24.8439998626709,3.8320000171661377,2207.0,2297.0,180.125,102.3499984741211,499.25,1484.0,653.75,74.1500015258789,78.5,2.51200008392334,2.631700038909912,2.564199924468994,273.8999938964844,83.48999786376953,154.75,23.799999237060547,3359.0,,977.7999877929688,1276.199951171875
2023-07-18,1977.199951171875,25.083999633789062,3.815999984741211,2164.25,2297.0,181.27499389648438,96.2750015258789,528.75,1492.0,670.75,75.75,79.62999725341797,2.628999948501587,2.6944000720977783,2.599400043487549,282.29998779296875,83.77999877929688,155.25,23.860000610351562,3407.0,,985.2000122070312,1311.5999755859375
2023-07-19,1977.5,25.2189998626709,3.799499988555908,2137.25,2297.0,181.3249969482422,97.92500305175781,545.5,1491.5,727.75,75.3499984741211,79.45999908447266,2.6029999256134033,2.7204999923706055,2.6417999267578125,287.70001220703125,85.62000274658203,152.4499969482422,24.209999084472656,3433.0,,975.4000244140625,1302.5
2023-07-20,1968.300048828125,24.80500030517578,3.817500114440918,2143.25,2297.0,180.3249969482422,100.625,537.25,1495.0,727.0,75.62999725341797,79.63999938964844,2.756999969482422,2.7432000637054443,2.664400100708008,290.3500061035156,85.93000030517578,158.0500030517578,24.670000076293945,3388.0,,954.7000122070312,1270.4000244140625
2023-07-21,1964.300048828125,24.697999954223633,3.802999973297119,2148.0,2297.0,180.02499389648438,100.67500305175781,527.0,1501.0,697.5,77.06999969482422,81.06999969482422,2.7130000591278076,2.801800012588501,2.745699882507324,299.8999938964844,85.08000183105469,161.85000610351562,25.010000228881836,3415.0,,963.0999755859375,1281.5999755859375
2023-07-24,1960.300048828125,24.43600082397461,3.8405001163482666,2153.75,2297.0,178.75,100.0999984741211,560.5,1523.25,757.5,78.73999786376953,82.73999786376953,2.684999942779541,2.8951001167297363,2.7704999446868896,305.70001220703125,85.58000183105469,163.0,24.920000076293945,3417.0,,960.5,1263.9000244140625
2023-07-25,1962.0999755859375,24.68000030517578,3.9019999504089355,2184.0,2297.0,178.3000030517578,101.6500015258789,557.5,1515.5,760.25,79.62999725341797,83.63999938964844,2.7300000190734863,2.853300094604492,2.777600049972534,309.6499938964844,88.55000305175781,161.85000610351562,24.690000534057617,3470.0,,967.7000122070312,1276.300048828125
2023-07-26,1968.9000244140625,24.825000762939453,3.890500068664551,2155.5,2297.0,178.6750030517578,101.6500015258789,540.25,1546.25,720.0,78.77999877929688,82.91999816894531,2.6649999618530273,2.9072000980377197,2.842900037765503,315.3999938964844,89.9800033569336,163.14999389648438,24.389999389648438,3552.0,,964.0,1251.0
2023-07-27,1945.4000244140625,24.236000061035156,3.8635001182556152,2151.75,2297.0,178.0500030517578,102.0250015258789,533.25,1532.0,712.75,80.08999633789062,84.23999786376953,2.492000102996826,2.950500011444092,2.9168999195098877,317.1000061035156,86.62000274658203,161.4499969482422,24.43000030517578,3529.0,,937.0,1231.699951171875
2023-07-28,1960.4000244140625,24.3700008392334,3.9170000553131104,2178.5,2297.0,178.14999389648438,103.19999694824219,521.0,1486.75,704.25,80.58000183105469,84.98999786376953,2.638000011444092,2.9558000564575195,2.9586000442504883,316.8500061035156,85.05999755859375,157.89999389648438,23.920000076293945,3525.0,,937.5999755859375,1228.699951171875
2023-07-31,1970.5,24.854000091552734,3.994499921798706,2230.5,2297.0,178.0500030517578,104.125,504.0,1445.75,665.75,81.80000305175781,85.55999755859375,2.634000062942505,2.928999900817871,2.9909000396728516,316.20001220703125,85.44000244140625,164.64999389648438,24.110000610351562,3548.0,,949.7000122070312,1264.699951171875
2023-08-01,1940.699951171875,24.20800018310547,3.8935000896453857,2198.5,2297.0,179.5,103.67500305175781,497.0,1446.75,652.25,81.37000274658203,84.91000366210938,2.559999942779541,2.872999906539917,3.023400068283081,312.5,86.87000274658203,164.5500030517578,24.389999389648438,3543.0,,931.4000244140625,1226.199951171875
2023-08-02,1937.4000244140625,23.753999710083008,3.827500104904175,2150.5,2297.0,178.02499389648438,102.67500305175781,488.25,1429.75,640.0,79.48999786376953,83.19999694824219,2.4769999980926514,2.7757999897003174,3.004300117492676,302.5,85.08000183105469,166.9499969482422,24.200000762939453,3562.0,,921.2999877929688,1230.9000244140625
2023-08-03,1932.0,23.586000442504883,3.875999927520752,2168.25,2297.0,178.5,101.0,480.75,1428.75,627.0,81.55000305175781,85.13999938964844,2.565000057220459,2.764699935913086,3.074899911880493,299.25,85.27999877929688,164.75,24.020000457763672,3491.0,,912.7999877929688,1246.5
2023-08-04,1939.5999755859375,23.617000579833984,3.8450000286102295,2172.0,2297.0,180.89999389648438,101.0250015258789,484.25,1444.0,633.0,82.81999969482422,86.23999786376953,2.5769999027252197,2.783099889755249,3.0622000694274902,301.3999938964844,85.2699966430664,161.35000610351562,23.690000534057617,3510.0,,919.4000244140625,1253.699951171875
2023-08-07,1933.5,23.142000198364258,3.812999963760376,2166.75,2297.0,179.6999969482422,101.5250015258789,482.25,1414.5,657.5,81.94000244140625,85.33999633789062,2.7249999046325684,2.8043999671936035,3.015500068664551,305.1499938964844,86.37999725341797,163.9499969482422,23.739999771118164,3476.0,,921.5,1225.300048828125
2023-08-08,1924.0999755859375,22.716999053955078,3.747999906539917,2133.0,2297.0,179.6999969482422,102.0999984741211,485.75,1430.0,656.25,82.91999816894531,86.16999816894531,2.7769999504089355,2.845099925994873,3.085599899291992,296.95001220703125,86.19999694824219,161.35000610351562,23.450000762939453,3333.0,,897.9000244140625,1207.199951171875
2023-08-09,1915.4000244140625,22.649999618530273,3.7674999237060547,2122.75,2297.0,180.5749969482422,101.6500015258789,481.0,1431.5,635.0,84.4000015258789,87.55000305175781,2.9590001106262207,2.9284000396728516,3.2070000171661377,300.54998779296875,86.11000061035156,160.75,23.709999084472656,3319.0,,886.2000122070312,1220.5999755859375
2023-08-10,1914.4000244140625,22.746000289916992,3.750999927520752,2154.75,2297.0,181.10000610351562,101.7249984741211,483.25,1412.0,637.75,82.81999969482422,86.4000015258789,2.763000011444092,2.9047000408172607,3.1533000469207764,300.45001220703125,87.29000091552734,159.89999389648438,23.950000762939453,3282.0,,908.2000122070312,1294.5999755859375
2023-08-11,1912.9000244140625,22.673999786376953,3.7144999504089355,2115.25,2297.0,180.375,102.0999984741211,474.5,1401.25,626.75,83.19000244140625,86.80999755859375,2.7699999809265137,2.964900016784668,3.121500015258789,302.04998779296875,89.29000091552734,157.8000030517578,24.329999923706055,3297.0,,907.9000244140625,1298.199951171875
2023-08-14,1910.5999755859375,22.643999099731445,3.7244999408721924,2081.0,2297.0,179.75,102.25,475.75,1391.0,616.0,82.51000213623047,86.20999908447266,2.7950000762939453,2.9061999320983887,3.0882999897003174,301.04998779296875,87.6500015258789,151.10000610351562,24.049999237060547,3321.0,,900.0999755859375,1262.0
2023-08-15,1902.5,22.594999313354492,3.6614999771118164,2075.5,2297.0,179.10000610351562,78.19999694824219,464.0,1323.25,598.5,80.98999786376953,84.88999938964844,2.6589999198913574,2.847599983215332,3.0280001163482666,311.04998779296875,86.19999694824219,149.25,23.770000457763672,3340.0,,885.9000244140625,1227.699951171875
2023-08-16,1896.0999755859375,22.479999542236328,3.6514999866485596,2073.25,2297.0,178.77499389648438,78.17500305175781,469.5,1334.75,597.75,79.37999725341797,83.44999694824219,2.5920000076293945,2.8671000003814697,3.020900011062622,331.04998779296875,85.31999969482422,148.89999389648438,24.190000534057617,3372.0,,885.2999877929688,1201.5
2023-08-17,1884.0999755859375,22.670000076293945,3.685499906539917,2090.5,2297.0,178.0500030517578,79.1500015258789,473.0,1336.75,589.5,80.38999938964844,84.12000274658203,2.621000051498413,2.821700096130371,3.0938000679016113,316.8500061035156,84.36000061035156,147.0,24.0,3413.0,,889.5999755859375,1209.5999755859375
2023-08-18,1886.0999755859375,22.69499969482422,3.6989998817443848,2081.0,2297.0,178.52499389648438,82.125,479.5,1362.75,613.25,81.25,84.80000305175781,2.5510001182556152,2.823199987411499,3.1596999168395996,326.3999938964844,84.31999969482422,147.4499969482422,23.760000228881836,3366.0,,909.2000122070312,1249.0999755859375
2023-08-21,1893.300048828125,23.304000854492188,3.7119998931884766,2082.75,2297.0,178.97500610351562,80.625,469.25,1370.0,599.25,80.72000122070312,84.45999908447266,2.631999969482422,2.772599935531616,3.1161999702453613,320.20001220703125,84.45999908447266,147.5500030517578,23.399999618530273,3355.0,,908.0,1228.199951171875
2023-08-22,1896.4000244140625,23.420000076293945,3.750499963760376,2114.25,2297.0,177.9499969482422,79.57499694824219,466.5,1351.5,601.75,80.3499984741211,84.02999877929688,2.559999942779541,2.789099931716919,3.1387999057769775,318.04998779296875,84.98999786376953,146.60000610351562,23.399999618530273,3329.0,,919.5,1253.9000244140625
2023-08-23,1918.5,24.363000869750977,3.803499937057495,2131.0,2297.0,178.0500030517578,78.55000305175781,476.25,1359.5,612.5,78.88999938964844,83.20999908447266,2.496999979019165,2.7688000202178955,3.1291000843048096,319.04998779296875,86.20999908447266,152.9499969482422,23.850000381469727,3323.0,,932.7000122070312,1270.5
2023-08-24,1918.199951171875,24.211000442504883,3.7674999237060547,2111.25,2297.0,179.85000610351562,80.4749984741211,472.25,1365.75,604.0,79.05000305175781,83.36000061035156,2.5190000534057617,2.7799999713897705,3.156399965286255,315.54998779296875,86.08999633789062,153.0,24.290000915527344,3363.0,,939.0999755859375,1233.699951171875
2023-08-25,1911.0999755859375,24.219999313354492,3.759999990463257,2108.75,2297.0,180.6750030517578,79.82499694824219,470.75,1381.0,593.25,79.83000183105469,84.4800033569336,2.5399999618530273,2.8763999938964844,3.307499885559082,324.04998779296875,87.51000213623047,151.75,24.829999923706055,3430.0,,944.2999877929688,1218.199951171875
2023-08-28,1917.9000244140625,24.238000869750977,3.753999948501587,2139.25,2297.0,180.6999969482422,81.8499984741211,478.5,1395.25,588.0,80.0999984741211,84.41999816894531,2.5789999961853027,2.7957000732421875,3.203700065612793,321.8999938964844,87.06999969482422,151.8000030517578,25.56999969482422,3442.0,,968.2999877929688,1245.4000244140625
2023-08-29,1936.5,24.777000427246094,3.7929999828338623,2125.25,2297.0,181.0,80.7249984741211,469.5,1382.0,569.75,81.16000366210938,85.48999786376953,2.555999994277954,2.7904999256134033,3.2095000743865967,324.29998779296875,87.08999633789062,151.35000610351562,25.450000762939453,3555.0,,982.2000122070312,1232.800048828125
2023-08-30,1944.300048828125,24.733999252319336,3.7850000858306885,2165.25,2297.0,178.8000030517578,83.5999984741211,461.75,1381.25,576.75,81.62999725341797,85.86000061035156,2.7960000038146973,2.8092000484466553,3.0961999893188477,334.29998779296875,88.27999877929688,153.35000610351562,25.34000015258789,3606.0,,980.2000122070312,1216.9000244140625
2023-08-31,1938.199951171875,24.472000122070312,3.7725000381469727,2175.5,2297.0,179.72500610351562,82.55000305175781,461.0,1360.0,573.0,83.62999725341797,86.86000061035156,2.7679998874664307,2.766400098800659,3.1426000595092773,328.1499938964844,88.0999984741211,152.6999969482422,25.059999465942383,3602.0,,971.2999877929688,1207.800048828125
2023-09-01,1939.800048828125,24.23200035095215,3.8125,2216.25,2297.0,180.14999389648438,83.05000305175781,464.75,1356.25,567.5,85.55000305175781,88.55000305175781,2.765000104904175,2.591200113296509,3.1050000190734863,327.3500061035156,89.61000061035156,150.9499969482422,25.809999465942383,3574.0,,965.5999755859375,1217.199951171875
2023-09-05,1926.199951171875,23.558000564575195,3.811000108718872,2180.0,2297.0,179.9499969482422,83.17500305175781,471.0,1349.0,572.5,86.69000244140625,90.04000091552734,2.5820000171661377,2.5810000896453857,3.219599962234497,332.1499938964844,88.0,151.39999389648438,26.649999618530273,3560.0,,930.4000244140625,1204.0
2023-09-06,1918.0999755859375,23.20599937438965,3.748500108718872,2175.5,2297.0,182.6999969482422,81.875,471.5,1360.25,581.0,87.54000091552734,90.5999984741211,2.509999990463257,2.6013998985290527,3.192699909210205,346.1499938964844,86.0,151.75,26.219999313354492,3577.0,,912.2000122070312,1200.4000244140625
2023-09-07,1917.5,22.950000762939453,3.7260000705718994,2171.25,2297.0,183.64999389648438,82.82499694824219,470.75,1345.0,571.5,86.87000274658203,89.91999816894531,2.5789999961853027,2.622999906539917,3.2123000621795654,350.95001220703125,83.62000274658203,147.39999389648438,26.68000030517578,3573.0,,906.5,1205.9000244140625
2023-09-08,1918.4000244140625,22.892000198364258,3.680500030517578,2154.75,2297.0,183.22500610351562,81.5250015258789,468.5,1349.5,567.25,87.51000213623047,90.6500015258789,2.6050000190734863,2.653700113296509,3.299099922180176,349.6000061035156,84.41000366210938,146.25,26.309999465942383,3609.0,,891.7000122070312,1183.199951171875
2023-09-11,1923.300048828125,23.10300064086914,3.7699999809265137,2179.25,2297.0,184.22500610351562,82.55000305175781,471.25,1352.5,556.0,87.29000091552734,90.63999938964844,2.6080000400543213,2.7186999320983887,3.3622000217437744,343.45001220703125,86.97000122070312,151.5500030517578,26.399999618530273,3611.0,,899.2000122070312,1210.0999755859375
2023-09-12,1911.300048828125,23.12700080871582,3.752000093460083,2192.25,2297.0,184.14999389648438,85.2750015258789,463.25,1331.75,560.25,88.83999633789062,92.05999755859375,2.743000030517578,2.7279000282287598,3.3282999992370605,331.5,87.48999786376953,150.6999969482422,26.829999923706055,3772.0,,909.7000122070312,1236.199951171875
2023-09-13,1909.0999755859375,22.91200065612793,3.75600004196167,2201.25,2297.0,183.14999389648438,83.9749984741211,464.0,1336.0,569.0,88.5199966430664,91.87999725341797,2.680000066757202,2.7383999824523926,3.4354000091552734,325.70001220703125,85.66999816894531,151.0500030517578,26.540000915527344,3849.0,,902.0999755859375,1252.199951171875
2023-09-14,1910.0,22.74799919128418,3.7825000286102295,2202.25,2297.0,185.47500610351562,83.3499984741211,462.5,1343.75,567.5,90.16000366210938,93.69999694824219,2.7079999446868896,2.7427000999450684,3.4814999103546143,331.20001220703125,86.47000122070312,153.10000610351562,26.979999542236328,3853.0,,908.0,1246.9000244140625
2023-09-15,1923.699951171875,23.125999450683594,3.7634999752044678,2167.25,2297.0,186.9250030517578,83.125,476.25,1340.25,604.25,90.7699966430664,93.93000030517578,2.6440000534057617,2.7081000804901123,3.3833999633789062,331.25,85.38999938964844,158.25,26.90999984741211,3757.0,,926.4000244140625,1243.800048828125
2023-09-18,1931.5,23.23200035095215,3.741499900817871,2202.0,2297.0,186.3249969482422,83.25,471.5,1316.75,591.25,91.4800033569336,94.43000030517578,2.7279999256134033,2.6979000568389893,3.288300037384033,339.04998779296875,85.54000091552734,158.6999969482422,27.110000610351562,3621.0,,938.2999877929688,1236.699951171875
2023-09-19,1932.0,23.194000244140625,3.7139999866485596,2188.75,2297.0,185.6750030517578,84.8499984741211,476.25,1315.5,584.0,91.19999694824219,94.33999633789062,2.8480000495910645,2.658099889755249,3.3738999366760254,340.0,86.05999755859375,167.5,27.440000534057617,3642.0,,948.4000244140625,1257.0999755859375
2023-09-20,1945.5999755859375,23.57900047302246,3.746500015258789,2236.0,2297.0,186.77499389648438,85.7750015258789,482.25,1320.0,588.75,90.27999877929688,93.52999877929688,2.7330000400543213,2.6191999912261963,3.3268001079559326,343.3999938964844,85.37000274658203,158.1999969482422,26.790000915527344,3570.0,,942.2999877929688,1271.5999755859375
2023-09-21,1919.199951171875,23.444000244140625,3.6665000915527344,2188.75,2297.0,184.97500610351562,82.94999694824219,475.25,1293.75,575.75,89.62999725341797,93.30000305175781,2.609999895095825,2.6198999881744385,3.368000030517578,340.54998779296875,84.87000274658203,154.85000610351562,26.93000030517578,3595.0,,924.5999755859375,1260.0
2023-09-22,1925.4000244140625,23.59600067138672,3.6654999256134033,2215.5,2297.0,187.0749969482422,81.5250015258789,477.25,1296.25,579.5,90.02999877929688,93.2699966430664,2.63700008392334,2.561800003051758,3.3062000274658203,341.6000061035156,84.04000091552734,151.14999389648438,26.969999313354492,3582.0,,934.0999755859375,1245.199951171875
2023-09-25,1916.5999755859375,23.145000457763672,3.6494998931884766,2209.0,2297.0,186.97500610351562,81.5250015258789,481.25,1297.75,589.0,89.68000030517578,93.29000091552734,2.6389999389648438,2.5439000129699707,3.262200117111206,339.3999938964844,86.41999816894531,148.8000030517578,26.309999465942383,3496.0,,917.5,1223.300048828125
2023-09-26,1900.4000244140625,22.950000762939453,3.625,2228.25,2297.0,184.8000030517578,81.625,479.75,1302.75,589.0,90.38999938964844,93.95999908447266,2.6559998989105225,2.5622000694274902,3.22379994392395,349.3999938964844,88.18000030517578,150.85000610351562,26.020000457763672,3500.0,,906.5,1217.0
2023-09-27,1871.5999755859375,22.476999282836914,3.627000093460083,2232.75,2297.0,184.89999389648438,82.125,483.25,1303.25,579.5,93.68000030517578,96.55000305175781,2.7639999389648438,2.598599910736084,3.31469988822937,355.1000061035156,88.4000015258789,149.25,26.1299991607666,3416.0,,886.7999877929688,1215.0
2023-09-28,1860.4000244140625,22.514999389648438,3.694499969482422,2271.75,2297.0,186.5,83.94999694824219,488.5,1300.5,578.75,91.70999908447266,95.37999725341797,2.944999933242798,2.5053000450134277,3.318000078201294,345.79998779296875,88.7300033569336,147.1999969482422,26.729999542236328,3459.0,,905.2999877929688,1277.9000244140625
2023-09-29,1848.0999755859375,22.236000061035156,3.7260000705718994,2329.5,2297.0,184.1999969482422,80.19999694824219,476.75,1275.0,541.5,90.79000091552734,95.30999755859375,2.928999900817871,2.4398999214172363,3.3622000217437744,349.75,86.86000061035156,146.14999389648438,26.270000457763672,3418.0,,906.7999877929688,1255.199951171875
2023-10-02,1830.0,21.218000411987305,3.631999969482422,2310.25,2297.0,184.4250030517578,79.8499984741211,488.75,1277.0,564.75,88.81999969482422,90.70999908447266,2.8399999141693115,2.4121999740600586,3.2225000858306885,354.79998779296875,87.45999908447266,149.10000610351562,26.350000381469727,3502.0,,876.9000244140625,1205.0999755859375
2023-10-03,1824.5999755859375,21.17799949645996,3.615499973297119,2287.0,2297.0,182.125,79.9749984741211,487.5,1272.75,568.5,89.2300033569336,90.91999816894531,2.9489998817443848,2.360100030899048,3.1953999996185303,356.20001220703125,87.13999938964844,148.75,25.670000076293945,3428.0,,868.2999877929688,1193.4000244140625
2023-10-04,1818.5,20.95599937438965,3.5840001106262207,2242.25,2297.0,182.1999969482422,79.92500305175781,486.0,1273.0,560.0,84.22000122070312,85.80999755859375,2.9619998931884766,2.197999954223633,3.0178000926971436,365.95001220703125,86.72000122070312,146.35000610351562,25.93000030517578,3431.0,,864.5,1172.699951171875
2023-10-05,1816.5999755859375,20.847999572753906,3.546999931335449,2224.5,2297.0,181.9499969482422,80.9000015258789,497.5,1280.75,578.25,82.30999755859375,84.06999969482422,3.1659998893737793,2.188999891281128,2.8687000274658203,375.95001220703125,86.25,145.39999389648438,26.15999984741211,3400.0,,852.7999877929688,1145.800048828125
2023-10-06,1830.199951171875,21.540000915527344,3.624500036239624,2227.25,2297.0,183.0749969482422,82.32499694824219,492.0,1266.0,568.25,82.79000091552734,84.58000183105469,3.3380000591278076,2.192199945449829,2.9007999897003174,377.20001220703125,86.8499984741211,146.0500030517578,26.739999771118164,3453.0,,871.7000122070312,1164.199951171875
2023-10-09,1849.5,21.740999221801758,3.6424999237060547,2224.75,2297.0,182.375,81.9749984741211,488.25,1264.25,572.75,86.37999725341797,88.1500015258789,3.375999927520752,2.238100051879883,2.966599941253662,375.6499938964844,86.66999816894531,146.0500030517578,27.18000030517578,3435.0,,879.2000122070312,1135.4000244140625
2023-10-10,1861.0,21.775999069213867,3.631999969482422,2198.0,2297.0,182.5749969482422,81.94999694824219,485.5,1271.5,558.5,85.97000122070312,87.6500015258789,3.381999969482422,2.2583999633789062,3.0201001167297363,381.1499938964844,85.44999694824219,147.5,27.049999237060547,3474.0,,880.5,1162.4000244140625
2023-10-11,1872.800048828125,21.957000732421875,3.614000082015991,2196.25,2297.0,184.5,82.1500015258789,488.0,1252.5,556.0,83.48999786376953,85.81999969482422,3.377000093460083,2.210099935531616,2.998500108718872,378.04998779296875,85.05000305175781,147.6999969482422,26.399999618530273,3432.0,,881.5999755859375,1173.9000244140625
2023-10-12,1869.300048828125,21.79199981689453,3.5940001010894775,2185.5,2297.0,185.39999389648438,82.0999984741211,496.0,1290.0,571.5,82.91000366210938,86.0,3.3440001010894775,2.1649999618530273,3.0448999404907227,385.25,84.91999816894531,149.3000030517578,26.350000381469727,3490.0,,867.0,1139.300048828125
2023-10-13,1927.4000244140625,22.726999282836914,3.5799999237060547,2181.5,2297.0,185.125,81.92500305175781,493.25,1280.25,579.75,87.69000244140625,90.88999938964844,3.2360000610351562,2.2653000354766846,3.211699962615967,385.8999938964844,86.05999755859375,154.89999389648438,27.030000686645508,3499.0,,875.5,1148.699951171875
2023-10-16,1921.0999755859375,22.610000610351562,3.5869998931884766,2169.25,2297.0,185.1999969482422,68.30000305175781,490.0,1286.25,577.25,86.66000366210938,89.6500015258789,3.1089999675750732,2.2730000019073486,3.149199962615967,382.70001220703125,85.1500015258789,154.14999389648438,27.049999237060547,3591.0,,890.4000244140625,1138.800048828125
2023-10-17,1922.699951171875,22.863000869750977,3.575500011444092,2166.5,2297.0,185.5,67.55000305175781,489.0,1296.75,570.5,86.66000366210938,89.9000015258789,3.0789999961853027,2.2844998836517334,3.1767001152038574,384.8999938964844,83.2300033569336,157.0500030517578,27.489999771118164,3635.0,,896.9000244140625,1149.9000244140625
2023-10-18,1955.300048828125,22.944000244140625,3.5820000171661377,2175.75,2297.0,185.72500610351562,68.0250015258789,492.0,1311.0,580.25,88.31999969482422,91.5,3.055999994277954,2.3534998893737793,3.1393001079559326,379.8500061035156,84.23999786376953,158.0500030517578,27.479999542236328,3639.0,,884.5999755859375,1126.5
2023-10-19,1968.4000244140625,22.886999130249023,3.5915000438690186,2184.0,2297.0,184.39999389648438,68.0,505.0,1315.5,594.0,89.37000274658203,92.37999725341797,2.9570000171661377,2.3617000579833984,3.1730000972747803,385.3500061035156,84.2699966430664,163.9499969482422,27.290000915527344,3648.0,,889.2999877929688,1121.699951171875
2023-10-20,1982.5,23.35099983215332,3.5420000553131104,2177.0,2297.0,184.27499389648438,66.0,495.5,1302.25,586.0,88.75,92.16000366210938,2.8989999294281006,2.3736000061035156,3.156599998474121,391.20001220703125,82.4000015258789,165.25,26.850000381469727,3694.0,,896.7000122070312,1104.0
2023-10-23,1976.300048828125,23.07200050354004,3.572999954223633,2174.25,2297.0,178.25,66.17500305175781,490.25,1286.75,587.25,85.48999786376953,89.83000183105469,2.9260001182556152,2.3285000324249268,3.0954999923706055,389.04998779296875,83.7300033569336,165.85000610351562,27.479999542236328,3759.0,,896.5999755859375,1132.0
2023-10-24,1975.0,22.979999542236328,3.609999895095825,2184.0,2297.0,180.0,66.375,484.0,1295.25,580.5,83.73999786376953,88.06999969482422,2.9709999561309814,2.2676000595092773,3.0448999404907227,390.79998779296875,82.93000030517578,168.14999389648438,27.530000686645508,3729.0,,884.5999755859375,1130.699951171875
2023-10-25,1984.0999755859375,22.87700080871582,3.572000026702881,2213.25,2297.0,181.125,67.5,480.0,1288.25,568.5,85.38999938964844,90.12999725341797,3.009999990463257,2.2841999530792236,3.0304999351501465,393.45001220703125,83.80999755859375,162.3000030517578,27.6299991607666,3735.0,,904.7999877929688,1127.0
2023-10-26,1987.199951171875,22.78700065612793,3.56850004196167,2193.5,2297.0,181.6999969482422,68.625,479.25,1279.5,579.5,83.20999908447266,87.93000030517578,3.2139999866485596,2.2560999393463135,3.0439000129699707,396.8500061035156,84.58999633789062,161.1999969482422,27.040000915527344,3810.0,,900.0999755859375,1146.0
2023-10-27,1988.5999755859375,22.770000457763672,3.634000062942505,2222.75,2297.0,184.0,70.4749984741211,480.75,1297.25,575.5,85.54000091552734,90.4800033569336,3.1640000343322754,2.3125,3.0518999099731445,401.95001220703125,84.37999725341797,160.9499969482422,27.34000015258789,3852.0,,897.2000122070312,1124.199951171875
2023-10-30,1996.199951171875,23.281999588012695,3.6494998931884766,2263.75,2297.0,184.125,71.17500305175781,478.25,1282.75,566.0,82.30999755859375,87.44999694824219,3.3519999980926514,2.2200000286102295,2.9663000106811523,411.95001220703125,82.91000366210938,159.10000610351562,26.75,3826.0,,931.7999877929688,1134.4000244140625
2023-10-31,1985.199951171875,22.840999603271484,3.6414999961853027,2251.5,2297.0,183.75,71.7249984741211,478.75,1287.0,556.25,81.0199966430664,87.41000366210938,3.575000047683716,2.2227001190185547,2.990999937057495,417.70001220703125,81.22000122070312,167.3000030517578,27.09000015258789,3817.0,,936.5,1122.199951171875
2023-11-01,1978.800048828125,22.684999465942383,3.6449999809265137,2235.25,2297.0,183.625,70.1500015258789,475.0,1291.25,561.75,80.44000244140625,84.62999725341797,3.49399995803833,2.185499906539917,2.9614999294281006,408.95001220703125,79.44000244140625,159.8000030517578,27.510000228881836,3794.0,,922.5999755859375,1110.300048828125
2023-11-02,1985.5999755859375,22.750999450683594,3.6670000553131104,2221.25,2297.0,184.6750030517578,73.2750015258789,470.0,1304.0,565.5,82.45999908447266,86.8499984741211,3.4719998836517334,2.246000051498413,3.0255000591278076,378.1499938964844,79.80000305175781,165.35000610351562,27.479999542236328,3865.0,,922.5,1106.699951171875
2023-11-03,1991.5,23.201000213623047,3.674499988555908,2246.0,2297.0,183.875,71.75,477.25,1327.5,572.5,80.51000213623047,84.88999938964844,3.515000104904175,2.2009999752044678,2.923799991607666,374.3500061035156,79.62000274658203,170.89999389648438,27.770000457763672,3898.0,,936.5999755859375,1124.4000244140625
2023-11-06,1981.5999755859375,23.14900016784668,3.7095000743865967,2275.5,2297.0,181.3249969482422,72.4000015258789,477.25,1340.5,575.75,80.81999969482422,85.18000030517578,3.2639999389648438,2.2358999252319336,2.952399969100952,387.04998779296875,78.0,173.6999969482422,27.950000762939453,3914.0,,910.2000122070312,1110.4000244140625
2023-11-07,1966.800048828125,22.507999420166016,3.6700000762939453,2251.5,2297.0,178.77499389648438,72.9000015258789,468.5,1348.75,570.25,77.37000274658203,81.61000061035156,3.140000104904175,2.1677000522613525,2.838399887084961,392.5,76.4800033569336,170.75,27.59000015258789,3883.0,,891.5,1058.9000244140625
2023-11-08,1951.5,22.64699935913086,3.628000020980835,2251.25,2297.0,179.39999389648438,71.5,476.0,1349.0,592.25,75.33000183105469,79.54000091552734,3.1059999465942383,2.128499984741211,2.7492001056671143,406.8500061035156,74.88999938964844,174.35000610351562,27.209999084472656,3916.0,,865.4000244140625,1056.5
2023-11-09,1964.199951171875,22.83099937438965,3.634999990463257,2232.0,2297.0,174.35000610351562,71.44999694824219,468.0,1327.75,580.75,75.73999786376953,80.01000213623047,3.0409998893737793,2.160799980163574,2.719099998474121,410.1499938964844,76.5199966430664,178.8000030517578,27.780000686645508,3949.0,,856.5999755859375,1005.2000122070312
2023-11-10,1932.5999755859375,22.21500015258789,3.5834999084472656,2206.0,2297.0,174.1750030517578,71.9000015258789,464.0,1333.5,575.25,77.16999816894531,81.43000030517578,3.0329999923706055,2.189500093460083,2.7430999279022217,371.6499938964844,77.31999969482422,174.5,27.290000915527344,3991.0,,838.5999755859375,974.9000244140625
2023-11-13,1945.5,22.298999786376953,3.6624999046325684,2216.5,2297.0,174.9250030517578,73.3499984741211,477.25,1368.0,579.0,78.26000213623047,82.5199966430664,3.197000026702881,2.2358999252319336,2.8392999172210693,379.20001220703125,77.4800033569336,178.64999389648438,27.709999084472656,4051.0,,857.0,978.4000244140625
2023-11-14,1961.800048828125,23.07900047302246,3.682499885559082,2204.0,2297.0,175.85000610351562,72.30000305175781,478.25,1368.75,572.0,78.26000213623047,82.47000122070312,3.1059999465942383,2.2228000164031982,2.837100028991699,389.20001220703125,78.68000030517578,176.4499969482422,27.18000030517578,3946.0,,886.2000122070312,1022.7000122070312
2023-11-15,1960.0999755859375,23.485000610351562,3.7174999713897705,2199.75,2297.0,177.77499389648438,71.05000305175781,470.75,1385.0,560.5,76.66000366210938,81.18000030517578,3.190000057220459,2.2018001079559326,2.8687000274658203,398.0,78.41000366210938,180.8000030517578,27.149999618530273,3939.0,,895.2999877929688,1036.4000244140625
2023-11-16,1983.9000244140625,23.892000198364258,3.7044999599456787,2179.75,2297.0,174.75,71.4749984741211,474.75,1360.25,553.5,72.9000015258789,77.41999816894531,3.062000036239624,2.101099967956543,2.750200033187866,408.0,78.68000030517578,176.10000610351562,27.190000534057617,4004.0,,897.0999755859375,1047.199951171875
2023-11-17,1981.5999755859375,23.80900001525879,3.737499952316284,2177.5,2297.0,175.75,70.9749984741211,467.0,1340.25,550.75,75.88999938964844,80.61000061035156,2.9600000381469727,2.184499979019165,2.7725000381469727,415.79998779296875,78.91999816894531,170.9499969482422,27.18000030517578,4083.0,,894.7000122070312,1056.5
2023-11-20,1977.699951171875,23.57900047302246,3.8125,2208.0,2297.0,175.47500610351562,70.3499984741211,469.5,1367.25,543.5,77.5999984741211,82.31999969482422,2.881999969482422,2.2260000705718994,2.8494999408721924,425.79998779296875,77.97000122070312,177.89999389648438,27.559999465942383,4034.0,,921.5,1089.9000244140625
2023-11-21,1999.300048828125,23.843000411987305,3.814500093460083,2219.25,2297.0,175.0,68.17500305175781,470.0,1377.25,555.0,77.7699966430664,82.44999694824219,2.8459999561309814,2.233799934387207,2.9249000549316406,415.79998779296875,77.33999633789062,176.5500030517578,27.75,4227.0,,940.0,1093.0999755859375
2023-11-22,1991.4000244140625,23.672000885009766,3.7664999961853027,2188.0,2297.0,174.47500610351562,68.2750015258789,468.75,1356.5,555.75,77.0999984741211,81.95999908447266,2.8970000743865967,2.2323999404907227,2.8891000747680664,420.70001220703125,79.58000183105469,178.64999389648438,27.219999313354492,4173.0,,924.5999755859375,1054.199951171875
2023-11-24,2002.199951171875,24.32900047302246,3.7964999675750732,2200.25,2297.0,170.25,67.57499694824219,463.25,1330.75,548.75,75.54000091552734,80.58000183105469,2.8550000190734863,2.16510009765625,2.835700035095215,411.1000061035156,80.38999938964844,178.64999389648438,26.979999542236328,4219.0,,931.0999755859375,1072.800048828125
2023-11-27,2011.800048828125,24.672000885009766,3.762500047683716,2184.75,2297.0,168.77499389648438,67.875,455.5,1329.75,534.25,74.86000061035156,79.9800033569336,2.7939999103546143,2.1798999309539795,2.837899923324585,404.29998779296875,78.58999633789062,179.6999969482422,27.200000762939453,4260.0,,917.0999755859375,1060.5
2023-11-28,2039.699951171875,24.93000030517578,3.8010001182556152,2188.5,2297.0,171.64999389648438,68.92500305175781,451.5,1346.5,543.75,76.41000366210938,81.68000030517578,2.7060000896453857,2.2300000190734863,2.9070000648498535,414.29998779296875,78.5999984741211,183.64999389648438,26.989999771118164,4370.0,,944.0999755859375,1057.4000244140625
2023-11-29,2047.0999755859375,25.07200050354004,3.7860000133514404,2171.5,2297.0,171.89999389648438,68.9749984741211,449.75,1347.0,556.0,77.86000061035156,83.0999984741211,2.803999900817871,2.283600091934204,2.8884999752044678,411.0,78.58999633789062,182.10000610351562,26.860000610351562,4438.0,,936.4000244140625,1026.5999755859375
2023-11-30,2038.0999755859375,25.292999267578125,3.8289999961853027,2160.25,2297.0,170.875,68.7750015258789,461.75,1342.75,570.25,75.95999908447266,82.83000183105469,2.802000045776367,2.1998000144958496,2.8304998874664307,401.0,79.4000015258789,195.0,26.040000915527344,4475.0,,931.2000122070312,1009.0999755859375
2023-12-01,2071.0,25.499000549316406,3.9089999198913574,2174.5,2297.0,169.27499389648438,68.5999984741211,464.5,1325.0,577.0,74.06999969482422,78.87999725341797,2.813999891281128,2.1210999488830566,2.6614999771118164,394.20001220703125,78.41999816894531,193.89999389648438,25.09000015258789,4398.0,,932.0,1000.0
2023-12-04,2024.0999755859375,24.55500030517578,3.820499897003174,2148.75,2297.0,167.25,68.05000305175781,460.25,1306.25,595.75,73.04000091552734,78.02999877929688,2.694000005722046,2.134200096130371,2.6596999168395996,384.20001220703125,77.68000030517578,188.89999389648438,25.809999465942383,4271.0,,921.0999755859375,968.2999877929688
2023-12-05,2018.5,24.201000213623047,3.7725000381469727,2126.0,2297.0,168.5,66.82499694824219,468.5,1305.5,620.75,72.31999969482422,77.19999694824219,2.7100000381469727,2.110300064086914,2.6410999298095703,366.25,78.68000030517578,193.85000610351562,24.959999084472656,4206.0,,902.5999755859375,930.2000122070312
2023-12-06,2030.5,23.888999938964844,3.7165000438690186,2109.75,2297.0,163.4499969482422,67.55000305175781,464.75,1295.5,615.75,69.37999725341797,74.30000305175781,2.569000005722046,2.0302000045776367,2.576200008392334,361.79998779296875,78.75,185.25,23.0,4241.0,,889.7000122070312,941.0999755859375
2023-12-07,2029.9000244140625,23.73200035095215,3.7844998836517334,2092.5,2297.0,162.35000610351562,67.55000305175781,468.25,1311.75,626.0,69.33999633789062,74.05000305175781,2.5850000381469727,2.001199960708618,2.5492000579833984,371.79998779296875,82.58999633789062,185.5,23.030000686645508,4340.0,,908.0999755859375,970.5999755859375
2023-12-08,1998.300048828125,22.97100067138672,3.819999933242798,2109.0,2297.0,165.4499969482422,68.42500305175781,465.75,1304.0,615.0,71.2300033569336,75.83999633789062,2.5810000896453857,2.049799919128418,2.5810000896453857,371.3500061035156,81.44000244140625,185.14999389648438,23.360000610351562,4381.0,,916.2000122070312,941.4000244140625
2023-12-11,1978.0,22.773000717163086,3.7799999713897705,2093.25,2297.0,166.97500610351562,68.25,460.5,1336.0,591.25,71.31999969482422,76.02999877929688,2.430999994277954,2.043100118637085,2.6087000370025635,381.3500061035156,82.0,194.0,22.469999313354492,4351.0,,912.0999755859375,955.0
2023-12-12,1977.800048828125,22.72800064086914,3.7860000133514404,2093.25,2297.0,167.6999969482422,67.82499694824219,462.5,1323.75,607.0,68.61000061035156,73.23999786376953,2.311000108718872,1.979699969291687,2.5074000358581543,371.04998779296875,81.05000305175781,191.14999389648438,22.59000015258789,4375.0,,927.4000244140625,972.5
2023-12-13,1982.300048828125,22.638999938964844,3.7860000133514404,2113.5,2297.0,166.9499969482422,67.92500305175781,456.75,1307.5,585.25,69.47000122070312,74.26000213623047,2.3350000381469727,2.024899959564209,2.548099994659424,362.6499938964844,81.18000030517578,194.64999389648438,21.969999313354492,4395.0,,918.5,959.5
2023-12-14,2030.199951171875,24.09600067138672,3.8884999752044678,2175.0,2297.0,167.5,67.17500305175781,456.75,1314.0,594.0,71.58000183105469,76.61000061035156,2.3919999599456787,2.118799924850464,2.5913000106811523,372.6499938964844,80.80999755859375,200.10000610351562,22.18000030517578,4267.0,,965.0999755859375,1111.699951171875
2023-12-15,2021.0999755859375,23.8700008392334,3.884999990463257,2207.5,2297.0,168.22500610351562,71.9000015258789,483.0,1315.75,629.25,71.43000030517578,76.55000305175781,2.490999937057495,2.13700008392334,2.620800018310547,371.04998779296875,79.93000030517578,201.8000030517578,21.989999771118164,4244.0,,949.7999877929688,1198.0999755859375
2023-12-18,2026.300048828125,23.83099937438965,3.8480000495910645,2237.75,2297.0,168.8249969482422,71.57499694824219,477.0,1327.0,617.0,72.47000122070312,77.94999694824219,2.503000020980835,2.1589999198913574,2.672800064086914,372.6499938964844,79.0999984741211,209.5500030517578,21.309999465942383,4271.0,,951.5,1195.0999755859375
2023-12-19,2038.4000244140625,24.040000915527344,3.8959999084472656,2211.25,2297.0,168.4499969482422,70.55000305175781,472.75,1312.5,622.75,73.44000244140625,79.2300033569336,2.492000102996826,2.2007999420166016,2.7167999744415283,364.20001220703125,79.45999908447266,202.39999389648438,21.43000030517578,4289.0,,963.0,1229.800048828125
2023-12-20,2034.5,24.347000122070312,3.9014999866485596,2187.75,2297.0,170.02499389648438,70.2249984741211,469.75,1308.25,610.0,74.22000122070312,79.69999694824219,2.447000026702881,2.200700044631958,2.7084999084472656,354.20001220703125,79.20999908447266,190.60000610351562,20.920000076293945,4309.0,,971.2999877929688,1215.4000244140625
2023-12-21,2039.0999755859375,24.30699920654297,3.9084999561309814,2184.25,2297.0,170.5500030517578,70.6500015258789,472.5,1297.25,612.5,73.88999938964844,79.38999938964844,2.572000026702881,2.1584999561309814,2.6967999935150146,344.20001220703125,79.12999725341797,193.60000610351562,20.239999771118164,4288.0,,967.5999755859375,1216.699951171875
2023-12-22,2057.10009765625,24.290000915527344,3.8954999446868896,2268.0,2297.0,170.0500030517578,71.3499984741211,473.0,1299.75,616.25,73.55999755859375,79.06999969482422,2.609999895095825,2.1301000118255615,2.6612000465393066,328.6499938964844,79.76000213623047,192.8000030517578,20.6200008392334,4311.0,,979.5,1212.199951171875
2023-12-26,2058.199951171875,24.143999099731445,3.8954999446868896,2251.5,2297.0,170.5749969482422,69.30000305175781,480.25,1313.25,636.25,75.56999969482422,81.06999969482422,2.549999952316284,2.1582999229431152,2.668800115585327,326.3500061035156,80.05000305175781,194.35000610351562,20.530000686645508,4283.0,,980.0999755859375,1177.9000244140625
2023-12-27,2081.89990234375,24.375,3.94350004196167,2327.5,2297.0,170.72500610351562,69.875,476.5,1316.75,623.0,74.11000061035156,79.6500015258789,2.61899995803833,2.1549999713897705,2.6238999366760254,325.6000061035156,80.52999877929688,197.75,20.600000381469727,4280.0,,1000.0999755859375,1144.800048828125
2023-12-28,2073.89990234375,24.134000778198242,3.9130001068115234,2319.0,2297.0,171.1999969482422,68.44999694824219,474.25,1305.25,631.5,71.7699966430664,78.38999938964844,2.556999921798706,2.085200071334839,2.556299924850464,330.20001220703125,80.94999694824219,198.0,21.760000228881836,4256.0,,1007.4000244140625,1133.800048828125
2023-12-29,2062.39990234375,23.85300064086914,3.880500078201294,2332.25,2297.0,173.6750030517578,67.9749984741211,471.25,1293.5,628.0,71.6500015258789,77.04000091552734,2.5139999389648438,2.10260009765625,2.553100109100342,320.20001220703125,81.0,188.3000030517578,20.579999923706055,4196.0,,995.0,1104.0
2024-01-02,2064.39990234375,23.732999801635742,3.86899995803833,2278.75,2297.0,171.9250030517578,65.32499694824219,463.75,1274.0,606.75,70.37999725341797,75.88999938964844,2.568000078201294,2.094899892807007,2.5257999897003174,342.5,79.94000244140625,190.14999389648438,20.899999618530273,4275.0,,985.5,1079.0999755859375
2024-01-03,2034.199951171875,22.945999145507812,3.8475000858306885,2251.0,2297.0,171.85000610351562,65.30000305175781,465.25,1269.5,600.25,72.69999694824219,78.25,2.6679999828338623,2.158099889755249,2.6043999195098877,348.04998779296875,80.93000030517578,186.25,20.850000381469727,4238.0,,974.4000244140625,1065.9000244140625
2024-01-04,2042.300048828125,22.98900032043457,3.8310000896453857,2218.25,2297.0,171.125,69.05000305175781,466.5,1262.0,613.5,72.19000244140625,77.58999633789062,2.821000099182129,2.110100030899048,2.588399887084961,335.20001220703125,80.12000274658203,185.5500030517578,21.079999923706055,4260.0,,953.9000244140625,1033.0
2024-01-05,2042.4000244140625,23.121999740600586,3.7945001125335693,2203.0,2297.0,170.5749969482422,70.0,460.75,1249.75,616.0,73.80999755859375,78.76000213623047,2.8929998874664307,2.1054999828338623,2.6085000038146973,338.0,80.19000244140625,182.8000030517578,21.110000610351562,4204.0,,959.2999877929688,1032.300048828125
2024-01-08,2026.5999755859375,23.1200008392334,3.799499988555908,2168.5,2297.0,169.9499969482422,70.5999984741211,455.0,1239.5,596.25,70.7699966430664,76.12000274658203,2.9800000190734863,2.0278000831604004,2.576900005340576,338.04998779296875,80.41999816894531,181.39999389648438,21.739999771118164,4094.0,,946.7000122070312,993.9000244140625
2024-01-09,2026.4000244140625,22.90399932861328,3.748500108718872,2182.5,2297.0,170.77499389648438,71.875,459.25,1241.5,610.0,72.23999786376953,77.58999633789062,3.190000057220459,2.0768001079559326,2.650399923324585,331.20001220703125,80.7300033569336,184.10000610351562,21.700000762939453,4162.0,,931.0,972.0
2024-01-10,2021.699951171875,22.884000778198242,3.7809998989105225,2178.5,2297.0,170.75,72.07499694824219,459.5,1228.75,610.75,71.37000274658203,76.80000305175781,3.0390000343322754,2.0673000812530518,2.600600004196167,324.79998779296875,80.18000030517578,181.14999389648438,21.40999984741211,4206.0,,918.7999877929688,990.4000244140625
2024-01-11,2014.300048828125,22.53700065612793,3.7764999866485596,2179.75,2297.0,171.8000030517578,72.5999984741211,457.75,1231.25,603.75,72.0199966430664,77.41000366210938,3.0969998836517334,2.114300012588501,2.673799991607666,305.6000061035156,81.36000061035156,184.0500030517578,21.760000228881836,4274.0,,909.0,974.2999877929688
2024-01-12,2046.699951171875,23.16200065612793,3.740000009536743,2167.5,2297.0,171.375,71.9000015258789,447.0,1205.75,596.0,72.68000030517578,78.29000091552734,3.312999963760376,2.120300054550171,2.669300079345703,304.70001220703125,81.30999755859375,180.0,21.610000610351562,4323.0,,910.0999755859375,972.4000244140625
2024-01-16,2026.0,22.933000564575195,3.7664999961853027,2161.75,2297.0,173.125,70.7750015258789,443.5,1227.25,582.0,72.4000015258789,78.29000091552734,2.9000000953674316,2.1219000816345215,2.660599946975708,299.04998779296875,81.33000183105469,185.25,22.520000457763672,4429.0,,895.0999755859375,931.4000244140625
2024-01-17,2002.5999755859375,22.516000747680664,3.7325000762939453,2148.75,2297.0,173.10000610351562,71.44999694824219,442.25,1205.75,582.5,72.55999755859375,77.87999725341797,2.869999885559082,2.1354000568389893,2.653599977493286,290.6499938964844,81.69999694824219,179.1999969482422,22.350000381469727,4448.0,,882.7999877929688,913.2000122070312
2024-01-18,2018.5999755859375,22.66699981689453,3.744999885559082,2136.5,2297.0,174.8249969482422,71.0999984741211,444.0,1213.5,585.5,74.08000183105469,79.0999984741211,2.697000026702881,2.183500051498413,2.6935999393463135,297.70001220703125,82.51000213623047,179.9499969482422,23.040000915527344,4458.0,,903.2999877929688,936.9000244140625
2024-01-19,2026.5,22.570999145507812,3.7869999408721924,2127.5,2297.0,174.375,70.75,445.5,1213.25,593.25,73.41000366210938,78.55999755859375,2.5190000534057617,2.1628000736236572,2.662100076675415,307.70001220703125,83.94999694824219,185.14999389648438,23.56999969482422,4583.0,,897.2999877929688,941.7999877929688
2024-01-22,2019.800048828125,22.163000106811523,3.7639999389648438,2127.5,2297.0,173.77499389648438,70.92500305175781,445.75,1224.25,596.5,75.19000244140625,80.05999755859375,2.4189999103546143,2.237799882888794,2.69350004196167,308.3500061035156,84.83000183105469,192.25,23.5,4565.0,,894.4000244140625,934.0
2024-01-23,2023.699951171875,22.333999633789062,3.7904999256134033,2184.25,2297.0,174.64999389648438,73.30000305175781,446.5,1239.5,596.5,74.37000274658203,79.55000305175781,2.450000047683716,2.210099935531616,2.6912999153137207,307.95001220703125,84.5999984741211,192.9499969482422,23.75,4634.0,,896.2000122070312,939.0999755859375
2024-01-24,2013.9000244140625,22.7549991607666,3.882499933242798,2186.25,2297.0,175.35000610351562,73.9000015258789,452.25,1240.25,610.75,75.08999633789062,80.04000091552734,2.6410000324249268,2.2095000743865967,2.68179988861084,311.1000061035156,85.4000015258789,189.4499969482422,24.459999084472656,4785.0,,905.5999755859375,967.2999877929688
2024-01-25,2016.9000244140625,22.808000564575195,3.865499973297119,2194.5,2297.0,177.72500610351562,74.30000305175781,451.75,1223.0,612.25,77.36000061035156,82.43000030517578,2.571000099182129,2.264400005340576,2.7953999042510986,307.25,85.76000213623047,186.9499969482422,24.040000915527344,4625.0,,887.4000244140625,936.4000244140625
2024-01-26,2016.800048828125,22.7549991607666,3.8505001068115234,2226.0,2297.0,178.4499969482422,74.92500305175781,446.25,1209.25,600.25,78.01000213623047,83.55000305175781,2.7119998931884766,2.294100046157837,2.843400001525879,317.25,84.37000274658203,193.85000610351562,23.770000457763672,4672.0,,911.2999877929688,955.0999755859375
2024-01-29,2025.199951171875,23.13800048828125,3.872999906539917,2219.5,2297.0,177.375,75.2750015258789,440.25,1194.25,593.5,76.77999877929688,82.4000015258789,2.490000009536743,2.2284998893737793,2.833899974822998,337.25,84.26000213623047,189.25,23.530000686645508,4732.0,,928.5999755859375,974.2999877929688
2024-01-30,2031.5,23.10700035095215,3.9065001010894775,2227.5,2297.0,178.02499389648438,75.8499984741211,447.75,1218.75,605.5,77.81999969482422,82.87000274658203,2.0769999027252197,2.260699987411499,2.80679988861084,352.45001220703125,84.77999877929688,194.0,23.90999984741211,4805.0,,923.2999877929688,975.7999877929688
2024-01-31,2048.39990234375,23.051000595092773,3.9024999141693115,2235.5,2297.0,177.35000610351562,76.3499984741211,448.25,1222.25,595.25,75.8499984741211,81.70999908447266,2.0999999046325684,2.183300018310547,2.808199882507324,356.79998779296875,85.16999816894531,194.0500030517578,24.1299991607666,4822.0,,924.4000244140625,992.9000244140625
2024-02-01,2053.0,23.1299991607666,3.8524999618530273,2209.25,2297.0,179.75,75.80000305175781,447.25,1203.25,601.5,73.81999969482422,78.69999694824219,2.049999952316284,2.1947999000549316,2.712899923324585,366.79998779296875,86.48999786376953,194.1999969482422,23.559999465942383,4956.0,,914.0,967.7000122070312
2024-02-02,2036.0999755859375,22.701000213623047,3.821500062942505,2196.75,2297.0,180.5500030517578,75.44999694824219,442.75,1188.5,599.75,72.27999877929688,77.33000183105469,2.0789999961853027,2.1475000381469727,2.6600000858306885,381.54998779296875,87.11000061035156,191.9499969482422,23.889999389648438,5009.0,,893.7999877929688,945.7000122070312
2024-02-05,2025.699951171875,22.334999084472656,3.7720000743865967,2176.75,2297.0,179.72500610351562,74.4000015258789,442.75,1196.25,590.25,72.77999877929688,77.98999786376953,2.0820000171661377,2.209199905395508,2.7248001098632812,374.3999938964844,87.04000091552734,189.5,23.530000686645508,5189.0,,895.9000244140625,952.7999877929688
2024-02-06,2034.5,22.39299964904785,3.7825000286102295,2199.0,2297.0,183.0,73.4749984741211,438.75,1199.5,595.0,73.30999755859375,78.58999633789062,2.009000062942505,2.2172999382019043,2.7427000999450684,380.95001220703125,87.54000091552734,188.1999969482422,23.559999465942383,5220.0,,903.2000122070312,948.0
2024-02-07,2035.199951171875,22.277999877929688,3.737499952316284,2188.5,2297.0,182.22500610351562,73.375,434.25,1189.0,602.0,73.86000061035156,79.20999908447266,1.9670000076293945,2.263000011444092,2.815200090408325,390.95001220703125,88.47000122070312,190.6999969482422,23.8799991607666,5410.0,,879.4000244140625,896.9000244140625
2024-02-08,2032.199951171875,22.565000534057617,3.7054998874664307,2189.75,2297.0,183.77499389648438,73.30000305175781,433.25,1193.5,588.5,76.22000122070312,81.62999725341797,1.9170000553131104,2.3420000076293945,2.8907999992370605,383.6499938964844,89.0999984741211,188.8000030517578,23.979999542236328,5805.0,,886.5999755859375,888.5999755859375
2024-02-09,2023.300048828125,22.527999877929688,3.686000108718872,2182.0,2297.0,184.625,73.67500305175781,429.0,1183.5,596.75,76.83999633789062,82.19000244140625,1.847000002861023,2.3394999504089355,2.964200019836426,373.6499938964844,91.77999877929688,196.3000030517578,24.020000457763672,5888.0,,871.4000244140625,865.9000244140625
2024-02-12,2018.199951171875,22.708999633789062,3.7284998893737793,2191.25,2297.0,184.25,73.57499694824219,430.5,1193.0,597.5,76.91999816894531,82.0,1.7680000066757202,2.367300033569336,2.919600009918213,353.6499938964844,90.52999877929688,195.60000610351562,23.559999465942383,5860.0,,891.0999755859375,893.5
2024-02-13,1992.9000244140625,22.09600067138672,3.7139999866485596,2186.0,2297.0,183.75,74.2249984741211,430.75,1186.25,597.5,77.87000274658203,82.7699966430664,1.6890000104904175,2.3945999145507812,2.895900011062622,351.6000061035156,91.5199966430664,193.0,23.299999237060547,6001.0,,872.7000122070312,857.4000244140625
2024-02-14,1990.300048828125,22.33099937438965,3.700500011444092,2202.0,2297.0,182.39999389648438,75.17500305175781,424.25,1170.5,585.5,76.63999938964844,81.5999984741211,1.6089999675750732,2.3169000148773193,2.8101000785827637,361.6000061035156,93.4800033569336,187.0500030517578,23.3700008392334,5949.0,,891.2000122070312,930.7999877929688
2024-02-15,2002.0999755859375,22.91200065612793,3.756500005722046,2186.5,2297.0,183.39999389648438,85.0,417.75,1162.25,567.0,78.02999877929688,82.86000061035156,1.5809999704360962,2.3183000087738037,2.823699951171875,364.6499938964844,94.62999725341797,189.3000030517578,22.81999969482422,5961.0,,899.0999755859375,948.7000122070312
2024-02-16,2011.5,23.43899917602539,3.8380000591278076,2176.25,2297.0,184.77499389648438,85.2249984741211,416.5,1172.25,560.5,79.19000244140625,83.47000122070312,1.6089999675750732,2.3359999656677246,2.8066000938415527,371.3999938964844,93.87000274658203,190.85000610351562,23.079999923706055,5706.0,,907.5999755859375,948.7000122070312
2024-02-20,2027.5,23.106000900268555,3.866499900817871,2148.5,2297.0,184.39999389648438,85.67500305175781,418.75,1179.0,582.75,78.18000030517578,82.33999633789062,1.5759999752044678,2.277400016784668,2.7314999103546143,372.79998779296875,91.19000244140625,191.60000610351562,22.75,5999.0,,909.7000122070312,979.2999877929688
2024-02-21,2022.300048828125,22.85099983215332,3.874500036239624,2175.5,2297.0,183.97500610351562,85.9749984741211,411.0,1160.75,583.25,77.91000366210938,83.02999877929688,1.7730000019073486,2.2860000133514404,2.705199956893921,362.79998779296875,92.5999984741211,198.35000610351562,22.770000457763672,6198.0,,885.0,946.0999755859375
2024-02-22,2019.699951171875,22.764999389648438,3.8975000381469727,2144.25,2297.0,183.5,87.19999694824219,406.0,1147.75,583.25,78.61000061035156,83.66999816894531,1.7319999933242798,2.334700107574463,2.752000093460083,369.45001220703125,94.19999694824219,193.85000610351562,22.829999923706055,6169.0,,901.7000122070312,966.9000244140625
2024-02-23,2038.5999755859375,22.9689998626709,3.881999969482422,2131.25,2297.0,185.60000610351562,87.19999694824219,399.75,1133.0,573.5,76.48999786376953,81.62000274658203,1.6030000448226929,2.276700019836426,2.68969988822937,375.8999938964844,94.93000030517578,191.0,22.6200008392334,6562.0,,906.0,985.2000122070312
2024-02-26,2028.5,22.517000198364258,3.8239998817443848,2129.25,2297.0,185.72500610351562,86.2750015258789,407.0,1136.0,577.25,77.58000183105469,82.52999877929688,1.659000039100647,2.3055999279022217,2.762700080871582,378.95001220703125,96.58000183105469,190.10000610351562,23.149999618530273,6884.0,,876.7999877929688,953.7000122070312
2024-02-27,2034.0,22.523000717163086,3.8310000896453857,2131.75,2297.0,185.60000610351562,85.9000015258789,408.25,1131.25,586.0,78.87000274658203,83.6500015258789,1.6150000095367432,2.344399929046631,2.746000051498413,368.95001220703125,100.75,194.0500030517578,23.84000015258789,6755.0,,892.7999877929688,939.0999755859375
2024-02-28,2033.0,22.40999984741211,3.827500104904175,2132.0,2297.0,184.64999389648438,86.0,413.25,1134.0,571.0,78.54000091552734,83.68000030517578,1.8849999904632568,2.2709999084472656,2.6582999229431152,348.95001220703125,103.06999969482422,193.35000610351562,24.010000228881836,6380.0,,880.7000122070312,918.0
2024-02-29,2045.699951171875,22.666000366210938,3.8345000743865967,2167.5,2297.0,184.0,86.625,415.75,1128.25,577.5,78.26000213623047,83.62000274658203,1.8600000143051147,2.30430006980896,2.683799982070923,355.8500061035156,101.55999755859375,195.85000610351562,22.579999923706055,6510.0,,879.9000244140625,933.5
2024-03-01,2086.89990234375,23.149999618530273,3.8550000190734863,2188.5,2297.0,188.4499969482422,88.07499694824219,412.25,1143.0,560.0,79.97000122070312,83.55000305175781,1.8350000381469727,2.6143999099731445,2.704200029373169,355.3999938964844,97.55999755859375,193.8000030517578,21.09000015258789,6826.0,,884.2000122070312,952.7999877929688
2024-03-04,2117.699951171875,23.77899932861328,3.8519999980926514,2174.75,2297.0,186.6750030517578,86.2750015258789,417.5,1147.0,563.5,78.73999786376953,82.80000305175781,1.9160000085830688,2.585700035095215,2.647200107574463,361.25,98.44000244140625,197.39999389648438,20.600000381469727,7057.0,,900.5,964.9000244140625
2024-03-05,2133.5,23.76300048828125,3.8440001010894775,2166.25,2297.0,188.0,85.17500305175781,413.5,1140.75,545.75,78.1500015258789,82.04000091552734,1.9570000171661377,2.5327999591827393,2.6064999103546143,362.79998779296875,98.0999984741211,195.0,20.8700008392334,6970.0,,883.2999877929688,938.5999755859375
2024-03-06,2150.300048828125,24.27199935913086,3.870500087738037,2189.75,2297.0,187.25,85.0,418.0,1140.25,521.25,79.12999725341797,82.95999908447266,1.9290000200271606,2.5539000034332275,2.663300037384033,383.0,99.13999938964844,194.4499969482422,21.450000762939453,7170.0,,910.7000122070312,1037.9000244140625
2024-03-07,2158.0,24.3700008392334,3.9195001125335693,2201.5,2297.0,188.72500610351562,84.5250015258789,426.0,1157.0,520.75,78.93000030517578,82.95999908447266,1.8179999589920044,2.554800033569336,2.694700002670288,367.1499938964844,99.27999877929688,198.35000610351562,21.280000686645508,7054.0,,920.0999755859375,1031.0
2024-03-08,2178.60009765625,24.339000701904297,3.884999990463257,2193.5,2297.0,187.60000610351562,84.375,426.25,1170.5,526.75,78.01000213623047,82.08000183105469,1.8049999475479126,2.5271999835968018,2.640899896621704,357.1499938964844,95.27999877929688,191.39999389648438,21.149999618530273,6997.0,,912.0,1016.0
2024-03-11,2182.5,24.511999130249023,3.922499895095825,2210.5,2297.0,187.60000610351562,83.2750015258789,428.25,1165.0,537.5,77.93000030517578,82.20999908447266,1.7589999437332153,2.5804998874664307,2.6517999172210693,353.8999938964844,95.05999755859375,194.35000610351562,21.950000762939453,7329.0,,937.7000122070312,1032.5999755859375
2024-03-12,2160.39990234375,24.194000244140625,3.924999952316284,2216.5,2297.0,188.25,85.3499984741211,429.0,1182.0,535.5,77.55999755859375,81.91999816894531,1.7139999866485596,2.586400032043457,2.616499900817871,354.75,95.2300033569336,195.39999389648438,21.889999389648438,8048.0,,925.4000244140625,1041.0999755859375
2024-03-13,2175.39990234375,24.958999633789062,4.052499771118164,2211.0,2297.0,189.9250030517578,84.875,426.5,1181.75,532.25,79.72000122070312,84.02999877929688,1.6579999923706055,2.6614999771118164,2.6851000785827637,364.20001220703125,94.9000015258789,191.64999389648438,21.93000030517578,8034.0,,942.2999877929688,1062.800048828125
2024-03-14,2163.0,24.874000549316406,4.0370001792907715,2193.0,2297.0,186.9499969482422,85.0250015258789,422.5,1180.75,519.5,81.26000213623047,85.41999816894531,1.7410000562667847,2.7032999992370605,2.7088000774383545,360.54998779296875,93.4800033569336,191.35000610351562,21.770000457763672,7405.0,,933.4000244140625,1071.800048828125
2024-03-15,2157.300048828125,25.200000762939453,4.112500190734863,2214.0,2297.0,187.25,86.92500305175781,436.75,1198.25,528.5,81.04000091552734,85.33999633789062,1.6549999713897705,2.7207999229431152,2.7269999980926514,370.45001220703125,93.94000244140625,182.85000610351562,22.1200008392334,8018.0,,941.2000122070312,1083.5
2024-03-18,2160.699951171875,25.090999603271484,4.114500045776367,2213.5,2297.0,188.5749969482422,86.82499694824219,436.0,1187.75,542.75,82.72000122070312,86.88999938964844,1.7029999494552612,2.7572999000549316,2.7881999015808105,360.45001220703125,94.56999969482422,181.85000610351562,22.15999984741211,8172.0,,918.5,1035.5999755859375
2024-03-19,2156.300048828125,24.964000701904297,4.058499813079834,2203.5,2297.0,188.0500030517578,85.82499694824219,439.5,1185.5,552.5,83.47000122070312,87.37999725341797,1.74399995803833,2.762200117111206,2.760699987411499,357.8500061035156,93.33999633789062,183.0500030517578,21.639999389648438,8027.0,,898.9000244140625,993.9000244140625
2024-03-20,2157.89990234375,24.933000564575195,4.03849983215332,2212.75,2297.0,187.8000030517578,85.30000305175781,439.0,1209.5,545.0,81.68000030517578,85.94999694824219,1.6990000009536743,2.7332000732421875,2.69569993019104,347.8500061035156,92.18000030517578,182.39999389648438,21.770000457763672,8324.0,,897.0999755859375,994.7000122070312
2024-03-21,2182.39990234375,24.849000930786133,4.046500205993652,2237.0,2297.0,188.375,84.9000015258789,440.75,1212.0,546.75,81.06999969482422,85.77999877929688,1.6829999685287476,2.727099895477295,2.668800115585327,358.3999938964844,92.20999908447266,185.6999969482422,22.059999465942383,8559.0,,910.7000122070312,1013.4000244140625
2024-03-22,2158.10009765625,24.691999435424805,3.996000051498413,2251.25,2297.0,187.5,84.57499694824219,439.25,1192.5,554.75,80.62999725341797,85.43000030517578,1.659000039100647,2.739799976348877,2.65339994430542,367.70001220703125,91.52999877929688,184.85000610351562,21.850000381469727,8939.0,,896.0999755859375,992.7999877929688
2024-03-25,2174.800048828125,24.7450008392334,4.006999969482422,2268.0,2297.0,186.1999969482422,85.1500015258789,437.75,1209.25,555.0,81.94999694824219,86.75,1.6150000095367432,2.7483999729156494,2.6786000728607178,370.95001220703125,92.0199966430664,185.64999389648438,21.950000762939453,9649.0,,906.7000122070312,1007.7999877929688
2024-03-26,2175.60009765625,24.482999801635742,3.996000051498413,2246.0,2297.0,183.10000610351562,85.57499694824219,432.5,1199.0,543.5,81.62000274658203,86.25,1.5750000476837158,2.7005999088287354,2.621799945831299,373.1000061035156,93.41000366210938,188.0500030517578,22.389999389648438,9622.0,,908.5999755859375,992.7000122070312
2024-03-27,2190.60009765625,24.625,3.992500066757202,2247.0,2297.0,183.60000610351562,86.0999984741211,426.75,1192.5,547.5,81.3499984741211,86.08999633789062,1.718000054359436,2.6847000122070312,2.598599910736084,370.29998779296875,90.7699966430664,190.64999389648438,22.190000534057617,9843.0,,895.9000244140625,979.0
2024-03-28,2217.39990234375,24.797000885009766,4.003499984741211,2284.25,2297.0,185.0,86.625,442.0,1191.5,560.25,83.16999816894531,87.4800033569336,1.7630000114440918,2.7611000537872314,2.615600109100342,363.25,91.37999725341797,188.85000610351562,22.520000457763672,9766.0,,907.7000122070312,1009.5
2024-04-01,2236.5,24.95400047302246,4.046000003814697,2289.25,2297.0,180.0749969482422,86.94999694824219,435.5,1185.75,557.0,83.70999908447266,87.41999816894531,1.8370000123977661,2.7100000381469727,2.6270999908447266,373.25,92.76000213623047,191.8000030517578,22.719999313354492,10120.0,,900.9000244140625,992.0
2024-04-02,2261.0,25.804000854492188,4.070000171661377,2326.5,2297.0,181.77499389648438,86.55000305175781,426.5,1174.0,545.25,85.1500015258789,88.91999816894531,1.8619999885559082,2.7588999271392822,2.711899995803833,368.75,90.80999755859375,197.75,22.31999969482422,9949.0,,922.2000122070312,992.2999877929688
2024-04-03,2294.39990234375,26.94499969482422,4.192999839782715,2372.0,2297.0,180.9250030517578,87.9749984741211,431.75,1182.25,556.0,85.43000030517578,89.3499984741211,1.840999960899353,2.7609000205993652,2.7323999404907227,371.8999938964844,88.9800033569336,203.60000610351562,22.219999313354492,9524.0,,934.0,1009.7000122070312
2024-04-04,2288.800048828125,27.139999389648438,4.246500015258789,2386.75,2297.0,181.47500610351562,88.3499984741211,435.25,1180.0,556.25,86.58999633789062,90.6500015258789,1.7740000486373901,2.7941999435424805,2.741300106048584,370.29998779296875,87.13999938964844,206.75,22.360000610351562,9462.0,,939.7999877929688,1029.300048828125
2024-04-05,2325.699951171875,27.399999618530273,4.239500045776367,2395.25,2297.0,178.25,89.32499694824219,434.25,1185.0,567.25,86.91000366210938,91.16999816894531,1.784999966621399,2.788599967956543,2.7730000019073486,360.29998779296875,86.25,212.5,21.989999771118164,9795.0,,928.5,995.4000244140625
2024-04-08,2331.699951171875,27.711999893188477,4.2769999504089355,2405.5,2297.0,179.39999389648438,89.75,435.5,1181.5,565.75,86.43000030517578,90.37999725341797,1.843999981880188,2.7486000061035156,2.7286999225616455,355.79998779296875,86.6500015258789,211.10000610351562,21.59000015258789,9895.0,,961.9000244140625,1038.5
2024-04-09,2343.5,27.891000747680664,4.285999774932861,2407.25,2297.0,180.6999969482422,90.5999984741211,431.25,1174.5,557.75,85.2300033569336,89.41999816894531,1.871999979019165,2.7555999755859375,2.677000045776367,365.79998779296875,86.04000091552734,213.5500030517578,21.489999771118164,10204.0,,972.4000244140625,1074.0999755859375
2024-04-10,2329.60009765625,27.961000442504883,4.2820000648498535,2397.25,2297.0,179.0749969482422,91.75,434.25,1164.75,558.5,86.20999908447266,90.4800033569336,1.8849999904632568,2.781599998474121,2.7076001167297363,374.70001220703125,85.30999755859375,214.64999389648438,21.459999084472656,10411.0,,964.5999755859375,1051.699951171875
2024-04-11,2354.800048828125,28.176000595092773,4.251999855041504,2398.75,2297.0,180.25,91.44999694824219,428.75,1159.25,551.75,85.0199966430664,89.73999786376953,1.7640000581741333,2.7741000652313232,2.6598000526428223,364.70001220703125,83.37000274658203,220.35000610351562,20.850000381469727,10373.0,,976.0999755859375,1038.9000244140625
2024-04-12,2356.199951171875,28.2549991607666,4.257500171661377,2436.25,2297.0,178.89999389648438,90.875,435.5,1174.0,556.0,85.66000366210938,90.44999694824219,1.7699999809265137,2.8029000759124756,2.6851000785827637,369.5,82.62000274658203,224.64999389648438,20.450000762939453,10987.0,,990.5,1057.699951171875
2024-04-15,2365.800048828125,28.650999069213867,4.379000186920166,2521.25,2297.0,180.3000030517578,94.32499694824219,431.5,1158.25,551.75,85.41000366210938,90.0999984741211,1.690999984741211,2.783900022506714,2.6542000770568848,374.04998779296875,82.93000030517578,231.5500030517578,20.020000457763672,11001.0,,969.7999877929688,1042.0999755859375
2024-04-16,2390.800048828125,28.31800079345703,4.305500030517578,2515.75,2297.0,181.5,94.7249984741211,431.0,1145.0,549.75,85.36000061035156,90.0199966430664,1.7319999933242798,2.8222999572753906,2.6512999534606934,364.04998779296875,81.29000091552734,236.75,19.6299991607666,10243.0,,964.0,1029.4000244140625
2024-04-17,2371.699951171875,28.34600067138672,4.34250020980835,2590.5,2297.0,180.89999389648438,94.92500305175781,430.25,1149.5,537.0,82.69000244140625,87.29000091552734,1.7120000123977661,2.7286999225616455,2.574700117111206,362.8500061035156,79.55999755859375,247.9499969482422,19.31999969482422,10340.0,,942.7000122070312,1029.0
2024-04-18,2382.300048828125,28.32900047302246,4.440499782562256,2601.5,2297.0,181.1750030517578,94.7249984741211,426.75,1134.25,536.75,82.7300033569336,87.11000061035156,1.7569999694824219,2.71370005607605,2.533900022506714,359.5,78.0999984741211,239.85000610351562,19.59000015258789,11311.0,,945.2999877929688,1037.5999755859375
2024-04-19,2398.39990234375,28.808000564575195,4.501999855041504,2680.0,2297.0,181.47500610351562,96.2249984741211,433.5,1150.5,550.25,83.13999938964844,87.29000091552734,1.7519999742507935,2.7102999687194824,2.541300058364868,357.75,78.69000244140625,241.39999389648438,19.729999542236328,11878.0,,934.0999755859375,1025.5
2024-04-22,2332.199951171875,27.21299934387207,4.500500202178955,2660.75,2297.0,183.8249969482422,96.69999694824219,439.75,1161.0,570.25,82.8499984741211,87.0,1.7910000085830688,2.6854000091552734,2.5604000091552734,367.75,80.04000091552734,231.64999389648438,19.799999237060547,11166.0,,922.2000122070312,1014.7000122070312
2024-04-23,2327.699951171875,27.33099937438965,4.490499973297119,2572.0,2297.0,183.35000610351562,98.57499694824219,443.0,1167.5,585.0,83.36000061035156,88.41999816894531,1.812000036239624,2.7253000736236572,2.579200029373169,359.5,80.22000122070312,224.5,19.90999984741211,10584.0,,913.7000122070312,1025.9000244140625
2024-04-24,2324.5,27.323999404907227,4.4670000076293945,2600.75,2297.0,182.10000610351562,97.3499984741211,437.75,1166.0,594.5,82.80999755859375,88.0199966430664,1.652999997138977,2.734299898147583,2.5499000549316406,369.5,79.51000213623047,228.4499969482422,20.0,11043.0,,910.0,1007.4000244140625
2024-04-25,2329.800048828125,27.341999053955078,4.570499897003174,2526.0,2297.0,183.9499969482422,95.2750015258789,441.0,1162.75,602.25,83.56999969482422,89.01000213623047,1.6380000114440918,2.75819993019104,2.5504000186920166,379.5,79.58000183105469,231.9499969482422,19.479999542236328,10988.0,,913.7000122070312,981.0999755859375
2024-04-26,2334.800048828125,27.240999221801758,4.568999767303467,2554.75,2297.0,184.6750030517578,94.2750015258789,440.0,1159.5,603.25,83.8499984741211,89.5,1.6139999628067017,2.7646000385284424,2.5481998920440674,387.95001220703125,79.4000015258789,230.60000610351562,19.399999618530273,10729.0,,914.2999877929688,957.4000244140625
2024-04-29,2345.39990234375,27.37299919128418,4.658999919891357,2566.0,2297.0,185.39999389648438,94.0250015258789,439.25,1160.75,590.25,82.62999725341797,88.4000015258789,2.0299999713897705,2.748699903488159,2.5313000679016113,377.95001220703125,80.0199966430664,233.5500030517578,20.200000762939453,9983.0,,954.0999755859375,976.7000122070312
2024-04-30,2291.39990234375,26.391000747680664,4.564499855041504,2561.25,2297.0,185.0,94.1500015258789,439.5,1145.5,585.0,81.93000030517578,87.86000061035156,1.9910000562667847,2.7107999324798584,2.513400077819824,382.25,77.91999816894531,220.64999389648438,19.709999084472656,10133.0,,941.2000122070312,951.9000244140625
2024-05-01,2299.89990234375,26.48900032043457,4.552499771118164,2537.75,2297.0,173.85000610351562,93.0250015258789,443.25,1155.75,581.5,79.0,83.44000244140625,1.9320000410079956,2.577399969100952,2.451900005340576,393.5,75.80999755859375,219.0500030517578,19.219999313354492,9183.0,,949.0,947.7000122070312
2024-05-02,2299.199951171875,26.58300018310547,4.49399995803833,2491.75,2297.0,176.8000030517578,93.07499694824219,452.0,1190.0,586.5,78.94999694824219,83.66999816894531,2.0350000858306885,2.5964999198913574,2.4430999755859375,392.8999938964844,74.91999816894531,208.64999389648438,19.25,8483.0,,956.7000122070312,938.2000122070312
2024-05-03,2299.0,26.44499969482422,4.573500156402588,2512.25,2297.0,176.6750030517578,92.42500305175781,447.0,1201.75,606.0,78.11000061035156,82.95999908447266,2.1419999599456787,2.5550999641418457,2.4433999061584473,390.0,77.36000061035156,205.89999389648438,19.280000686645508,8505.0,,959.5999755859375,947.5
2024-05-06,2321.60009765625,27.368999481201172,4.634500026702881,2554.25,2297.0,176.97500610351562,92.17500305175781,457.0,1234.75,632.25,78.4800033569336,83.33000183105469,2.194999933242798,2.588200092315674,2.461400032043457,386.75,76.55999755859375,200.6999969482422,19.479999542236328,8571.0,,959.2999877929688,982.2999877929688
2024-05-07,2315.199951171875,27.30299949645996,4.625500202178955,2527.0,2297.0,177.625,92.5250015258789,453.75,1232.25,624.75,78.37999725341797,83.16000366210938,2.2070000171661377,2.5434000492095947,2.46560001373291,392.1499938964844,77.0,199.0,19.950000762939453,9593.0,,981.4000244140625,978.7999877929688
2024-05-08,2313.60009765625,27.361000061035156,4.561999797821045,2503.75,2297.0,176.47500610351562,92.5250015258789,445.5,1212.75,616.0,78.98999786376953,83.58000183105469,2.187000036239624,2.5318000316619873,2.476099967956543,392.95001220703125,80.05999755859375,200.25,19.600000381469727,9617.0,,978.5999755859375,955.4000244140625
2024-05-09,2332.10009765625,28.131999969482422,4.607500076293945,2510.5,2297.0,175.9499969482422,91.9749984741211,442.75,1192.75,619.75,79.26000213623047,83.87999725341797,2.3010001182556152,2.541800022125244,2.47760009765625,402.95001220703125,78.5999984741211,203.6999969482422,19.579999923706055,9678.0,,984.7000122070312,970.4000244140625
2024-05-10,2367.300048828125,28.274999618530273,4.69350004196167,2488.25,2297.0,176.14999389648438,91.7249984741211,455.75,1205.0,645.75,78.26000213623047,82.79000091552734,2.252000093460083,2.4997000694274902,2.4344000816345215,407.1000061035156,77.30999755859375,204.39999389648438,19.299999237060547,9874.0,,1001.0999755859375,980.7999877929688
2024-05-13,2336.10009765625,28.22100067138672,4.804500102996826,2493.75,2297.0,175.5749969482422,91.44999694824219,458.5,1205.5,670.25,79.12000274658203,83.36000061035156,2.38100004196167,2.510499954223633,2.436800003051758,404.20001220703125,77.62999725341797,200.39999389648438,18.6299991607666,8149.0,,1005.2999877929688,964.9000244140625
2024-05-14,2353.39990234375,28.485000610351562,4.953499794006348,2491.5,2297.0,178.1750030517578,91.82499694824219,453.75,1199.0,657.0,78.0199966430664,82.37999725341797,2.3440001010894775,2.4595999717712402,2.4200000762939453,424.20001220703125,74.62999725341797,202.85000610351562,18.8700008392334,8751.0,,1039.300048828125,981.5
2024-05-15,2388.699951171875,29.513999938964844,4.9695000648498535,2533.5,2297.0,178.25,97.5,462.5,1213.5,665.75,78.62999725341797,82.75,2.4159998893737793,2.496799945831299,2.423099994659424,428.5,75.41000366210938,201.25,18.649999618530273,9066.0,,1063.300048828125,1014.0999755859375
2024-05-16,2380.0,29.665000915527344,4.892000198364258,2529.0,2297.0,179.02499389648438,98.375,457.0,1216.25,663.25,79.2300033569336,83.2699966430664,2.494999885559082,2.5378000736236572,2.443700075149536,438.5,76.23999786376953,199.5500030517578,18.329999923706055,7393.0,,1065.4000244140625,997.5
2024-05-17,2412.199951171875,31.047000885009766,5.057000160217285,2533.5,2297.0,181.0500030517578,96.5,452.5,1228.0,651.25,80.05999755859375,83.9800033569336,2.625999927520752,2.574199914932251,2.486299991607666,448.45001220703125,75.88999938964844,208.14999389648438,18.1299991607666,7348.0,,1084.5999755859375,1009.9000244140625
2024-05-20,2433.89990234375,32.20500183105469,5.087500095367432,2557.5,2297.0,181.47500610351562,96.92500305175781,460.5,1248.0,688.75,79.80000305175781,83.70999908447266,2.750999927520752,2.539900064468384,2.4870998859405518,445.95001220703125,76.02999877929688,209.3000030517578,18.68000030517578,7216.0,,1059.699951171875,1030.699951171875
2024-05-21,2421.699951171875,31.868000030517578,5.11899995803833,2651.0,2297.0,182.97500610351562,96.4000015258789,458.0,1236.25,697.5,79.26000213623047,82.87999725341797,2.6710000038146973,2.509999990463257,2.4623000621795654,455.95001220703125,76.37999725341797,217.1999969482422,18.559999465942383,7394.0,,1056.699951171875,1029.4000244140625
2024-05-22,2389.199951171875,31.295000076293945,4.867499828338623,2568.0,2297.0,184.1750030517578,95.4000015258789,461.25,1246.25,693.0,77.56999969482422,81.9000015258789,2.8420000076293945,2.4677999019622803,2.43179988861084,463.3999938964844,79.37999725341797,220.4499969482422,18.229999542236328,7536.0,,1044.0999755859375,1002.9000244140625
2024-05-23,2335.0,30.284000396728516,4.816500186920166,2550.25,2297.0,183.52499389648438,94.5250015258789,464.0,1239.25,698.0,76.87000274658203,81.36000061035156,2.6570000648498535,2.469399929046631,2.411799907684326,466.5,81.72000122070312,215.64999389648438,18.260000228881836,8109.0,,1025.699951171875,973.2999877929688
2024-05-24,2332.5,30.329999923706055,4.778500080108643,2588.25,2297.0,183.6999969482422,94.2750015258789,464.75,1248.0,697.25,77.72000122070312,82.12000274658203,2.5199999809265137,2.4842000007629395,2.413599967956543,476.5,80.5199966430664,218.25,18.40999984741211,8294.0,,1034.800048828125,969.0999755859375
2024-05-28,2355.199951171875,31.97100067138672,4.875500202178955,2654.75,2297.0,184.5500030517578,93.80000305175781,462.5,1229.5,700.25,79.83000183105469,84.22000122070312,2.5899999141693115,2.509000062942505,2.4649999141693115,487.20001220703125,82.43000030517578,230.9499969482422,18.729999542236328,8780.0,,1061.699951171875,976.7000122070312
2024-05-29,2340.300048828125,32.202999114990234,4.805500030517578,2703.5,2297.0,183.35000610351562,93.7750015258789,455.25,1214.0,692.75,79.2300033569336,83.5999984741211,2.493000030517578,2.464400053024292,2.437000036239624,477.20001220703125,81.0999984741211,229.4499969482422,18.350000381469727,9309.0,,1042.699951171875,963.0999755859375
2024-05-30,2342.89990234375,31.38800048828125,4.671999931335449,2648.0,2297.0,182.5500030517578,93.9749984741211,448.75,1209.75,681.0,77.91000366210938,81.86000061035156,2.572000026702881,2.404599905014038,2.3694000244140625,457.20001220703125,77.76000213623047,233.0,18.190000534057617,9257.0,,1032.9000244140625,944.2999877929688
2024-05-31,2322.89990234375,30.297000885009766,4.610000133514404,2591.5,2297.0,181.5500030517578,94.3499984741211,446.25,1205.0,678.5,76.98999786376953,81.62000274658203,2.5869998931884766,2.4260001182556152,2.363600015640259,437.20001220703125,76.1500015258789,222.35000610351562,18.299999237060547,9331.0,,1037.699951171875,899.2000122070312
2024-06-03,2346.60009765625,30.641000747680664,4.677000045776367,2601.75,2297.0,182.02499389648438,93.6500015258789,443.5,1184.5,672.75,74.22000122070312,78.36000061035156,2.75600004196167,2.335599899291992,2.2962000370025635,457.20001220703125,73.1500015258789,226.5500030517578,18.780000686645508,9775.0,,1018.5,913.0
2024-06-04,2325.5,29.488000869750977,4.547999858856201,2599.5,2297.0,182.1750030517578,92.69999694824219,442.5,1179.0,658.25,73.25,77.5199966430664,2.5859999656677246,2.3494999408721924,2.285900115966797,441.0,73.4800033569336,233.89999389648438,18.860000610351562,9557.0,,991.5999755859375,910.2999877929688
2024-06-05,2354.10009765625,29.947999954223633,4.619500160217285,2558.25,2297.0,181.77499389648438,92.0999984741211,439.25,1177.25,646.75,74.06999969482422,78.41000366210938,2.756999969482422,2.353600025177002,2.301100015640259,431.75,74.44000244140625,231.9499969482422,19.1299991607666,9408.0,,996.0,924.5
2024-06-06,2370.300048828125,31.246999740600586,4.690999984741211,2592.75,2297.0,181.8249969482422,92.1500015258789,452.0,1200.0,639.5,75.55000305175781,79.87000274658203,2.821000099182129,2.3975000381469727,2.357599973678589,441.75,75.44000244140625,234.1999969482422,19.219999313354492,9872.0,,1008.2999877929688,923.7999877929688
2024-06-07,2305.199951171875,29.334999084472656,4.494500160217285,2507.75,2297.0,182.1750030517578,92.5250015258789,448.75,1179.25,627.5,75.52999877929688,79.62000274658203,2.9179999828338623,2.3826000690460205,2.3517000675201416,423.75,73.83999633789062,224.8000030517578,19.0,9933.0,,967.7999877929688,909.5
2024-06-10,2307.699951171875,29.768999099731445,4.55649995803833,2499.5,2297.0,183.9250030517578,92.25,451.75,1188.25,607.5,77.73999786376953,81.62999725341797,2.9059998989105225,2.410900115966797,2.4147000312805176,429.3500061035156,71.80999755859375,221.39999389648438,18.6299991607666,9687.0,,972.5,896.4000244140625
2024-06-11,2307.5,29.132999420166016,4.5229997634887695,2459.25,2297.0,183.75,91.94999694824219,449.5,1178.0,626.5,77.9000015258789,81.91999816894531,3.128999948501587,2.408900022506714,2.421299934387207,409.6000061035156,72.7300033569336,220.5500030517578,18.790000915527344,9910.0,,955.5999755859375,876.9000244140625
2024-06-12,2336.0,30.176000595092773,4.581500053405762,2496.75,2297.0,183.64999389648438,92.0250015258789,454.25,1177.25,617.0,78.5,82.5999984741211,3.0450000762939453,2.394399881362915,2.4407999515533447,425.95001220703125,71.73999786376953,224.35000610351562,19.100000381469727,10539.0,,968.2000122070312,899.7999877929688
2024-06-13,2300.199951171875,28.989999771118164,4.507500171661377,2477.0,2297.0,184.8249969482422,91.75,458.5,1189.5,620.0,78.62000274658203,82.75,2.9590001106262207,2.415600061416626,2.486799955368042,411.29998779296875,71.3499984741211,226.0500030517578,19.59000015258789,10810.0,,951.2999877929688,877.4000244140625
2024-06-14,2331.39990234375,29.402000427246094,4.551000118255615,2440.75,2297.0,186.8249969482422,91.17500305175781,450.0,1179.75,612.75,78.44999694824219,82.62000274658203,2.88100004196167,2.399600028991699,2.470599889755249,422.3999938964844,70.97000122070312,224.14999389648438,19.43000030517578,10294.0,,955.2999877929688,890.5999755859375
2024-06-17,2312.39990234375,29.325000762939453,4.521500110626221,2425.5,2297.0,187.0500030517578,95.375,443.75,1157.75,591.5,80.33000183105469,84.25,2.7880001068115234,2.446899890899658,2.4825000762939453,429.20001220703125,69.94000244140625,227.14999389648438,18.979999542236328,9659.0,,967.7999877929688,883.5999755859375
2024-06-18,2330.39990234375,29.5049991607666,4.561999797821045,2416.5,2297.0,186.6750030517578,93.7750015258789,450.0,1174.0,582.0,81.56999969482422,85.33000183105469,2.9089999198913574,2.4832000732421875,2.5208001136779785,413.6499938964844,71.02999877929688,226.3000030517578,18.920000076293945,9938.0,,974.0999755859375,880.9000244140625
2024-06-20,2353.800048828125,30.775999069213867,4.618000030517578,2441.75,2297.0,187.0749969482422,91.1500015258789,439.75,1155.25,572.75,82.16999816894531,85.70999908447266,2.740999937057495,2.5007998943328857,2.5244998931884766,422.25,70.8499984741211,230.25,18.889999389648438,9598.0,,981.5999755859375,905.4000244140625
2024-06-21,2316.39990234375,29.572999954223633,4.49399995803833,2432.25,2297.0,187.60000610351562,92.05000305175781,435.0,1160.5,561.5,80.7300033569336,85.23999786376953,2.7049999237060547,2.513700008392334,2.491499900817871,427.8500061035156,68.19000244140625,226.5500030517578,18.969999313354492,8995.0,,993.7000122070312,918.0999755859375
2024-06-24,2330.0,29.48900032043457,4.5269999504089355,2423.0,2297.0,188.89999389648438,89.94999694824219,433.5,1175.25,552.5,81.62999725341797,86.01000213623047,2.811000108718872,2.5114998817443848,2.521399974822998,426.6000061035156,71.29000091552734,238.0,19.40999984741211,7978.0,,999.0999755859375,976.0999755859375
2024-06-25,2316.60009765625,28.836999893188477,4.38100004196167,2421.25,2297.0,189.47500610351562,89.0,425.5,1163.25,541.75,80.83000183105469,85.01000213623047,2.75600004196167,2.514699935913086,2.509399890899658,435.6499938964844,72.5999984741211,231.1999969482422,19.100000381469727,7967.0,,983.7000122070312,933.7000122070312
2024-06-26,2299.199951171875,28.909000396728516,4.367499828338623,2434.5,2297.0,192.9250030517578,89.9000015258789,420.0,1162.75,541.25,80.9000015258789,85.25,2.628000020980835,2.544600009918213,2.5374999046325684,423.75,72.69999694824219,226.35000610351562,19.239999771118164,7797.0,,1020.7000122070312,922.7000122070312
2024-06-27,2324.5,28.917999267578125,4.328499794006348,2436.0,2297.0,194.1750030517578,89.44999694824219,413.75,1152.25,559.75,81.73999786376953,86.38999938964844,2.684999942779541,2.545599937438965,2.547600030899048,427.75,72.0199966430664,228.25,20.1200008392334,7397.0,,991.7000122070312,927.5999755859375
2024-06-28,2327.699951171875,29.23699951171875,4.390500068664551,2457.25,2297.0,193.5,89.57499694824219,397.25,1150.5,553.5,81.54000091552734,86.41000366210938,2.6010000705718994,2.529099941253662,2.516900062561035,432.70001220703125,69.80999755859375,228.9499969482422,20.309999465942383,7729.0,,1001.9000244140625,977.9000244140625
2024-07-01,2327.60009765625,29.299999237060547,4.426499843597412,2444.25,2297.0,184.27499389648438,89.19999694824219,398.25,1159.5,569.25,83.37999725341797,86.5999984741211,2.4779999256134033,2.5782999992370605,2.6147000789642334,434.0,70.06999969482422,226.6999969482422,20.229999542236328,7352.0,,978.2999877929688,972.4000244140625
2024-07-02,2323.0,29.35300064086914,4.429500102996826,2450.0,2297.0,185.10000610351562,89.2249984741211,402.0,1165.0,561.5,82.80999755859375,86.23999786376953,2.434999942779541,2.5734000205993652,2.629699945449829,445.54998779296875,69.33000183105469,229.10000610351562,20.610000610351562,7773.0,,998.2000122070312,1020.2000122070312
2024-07-03,2359.800048828125,30.54800033569336,4.540999889373779,2483.75,2297.0,185.9250030517578,89.75,403.5,1176.5,554.5,83.87999725341797,87.33999633789062,2.4179999828338623,2.601300001144409,2.6342999935150146,436.75,68.68000030517578,225.9499969482422,20.530000686645508,7811.0,,1002.0,1034.199951171875
2024-07-05,2388.5,31.38800048828125,4.6585001945495605,2457.5,2297.0,186.4250030517578,89.875,411.25,1188.5,572.25,83.16000366210938,86.54000091552734,2.319000005722046,2.5590999126434326,2.602400064468384,444.5,67.30999755859375,230.3000030517578,20.139999389648438,7721.0,,1035.300048828125,1035.800048828125
2024-07-08,2355.199951171875,30.618000030517578,4.622000217437744,2456.25,2297.0,184.35000610351562,89.67500305175781,395.75,1174.25,553.0,82.33000183105469,85.75,2.365999937057495,2.537899971008301,2.5790998935699463,460.04998779296875,67.31999969482422,236.1999969482422,20.1299991607666,7693.0,,1003.7000122070312,1011.5
2024-07-09,2360.10009765625,30.77199935913086,4.578000068664551,2420.25,2297.0,182.35000610351562,89.32499694824219,400.25,1161.5,554.25,81.41000366210938,84.66000366210938,2.3440001010894775,2.527400016784668,2.5236001014709473,474.75,66.95999908447266,252.0,19.6200008392334,8023.0,,989.7000122070312,982.5
2024-07-10,2372.199951171875,30.726999282836914,4.607500076293945,2400.0,2297.0,182.25,88.44999694824219,403.25,1141.25,543.5,82.0999984741211,85.08000183105469,2.3289999961853027,2.5034000873565674,2.518399953842163,475.3999938964844,69.33000183105469,245.6999969482422,19.809999465942383,8197.0,,997.5,987.5999755859375
2024-07-11,2415.0,31.393999099731445,4.508500099182129,2390.25,2297.0,182.25,88.55000305175781,406.75,1142.75,554.25,82.62000274658203,85.4000015258789,2.2679998874664307,2.5178000926971436,2.518199920654297,455.3999938964844,69.05999755859375,246.75,19.43000030517578,8441.0,,1005.5,993.4000244140625
2024-07-12,2414.0,30.88599967956543,4.598499774932861,2388.25,2297.0,182.375,88.69999694824219,400.0,1134.5,538.0,82.20999908447266,85.02999877929688,2.3289999961853027,2.5153000354766846,2.5095999240875244,449.79998779296875,68.91999816894531,250.4499969482422,19.200000762939453,8523.0,,999.0,969.0999755859375
2024-07-15,2422.89990234375,30.672000885009766,4.5289998054504395,2362.0,2297.0,182.125,88.6500015258789,390.5,1078.0,532.5,81.91000366210938,84.8499984741211,2.1579999923706055,2.4916000366210938,2.5136001110076904,451.6000061035156,70.86000061035156,244.14999389648438,19.760000228881836,8463.0,,998.5,946.7000122070312
2024-07-16,2462.39990234375,31.19499969482422,4.443999767303467,2314.5,2297.0,182.6750030517578,91.2750015258789,395.75,1090.5,530.75,80.76000213623047,83.7300033569336,2.187999963760376,2.4774999618530273,2.4688000679016113,450.25,70.37000274658203,245.39999389648438,19.6200008392334,8320.0,,1000.0,953.0
2024-07-17,2454.800048828125,30.136999130249023,4.39900016784668,2313.25,2297.0,184.27499389648438,91.6500015258789,398.0,1097.25,539.25,82.8499984741211,85.08000183105469,2.0350000858306885,2.501300096511841,2.49399995803833,430.3500061035156,71.12000274658203,247.35000610351562,19.360000610351562,7763.0,,996.9000244140625,950.5
2024-07-18,2451.800048828125,29.9950008392334,4.265999794006348,2292.75,2297.0,182.25,91.375,391.25,1098.5,535.25,82.81999969482422,85.11000061035156,2.125,2.516400098800659,2.486799955368042,432.3500061035156,71.37000274658203,243.39999389648438,18.940000534057617,8068.0,,974.7000122070312,926.2999877929688
2024-07-19,2395.5,29.08799934387207,4.218999862670898,2263.5,2297.0,183.10000610351562,91.57499694824219,390.5,1097.25,542.75,80.12999725341797,82.62999725341797,2.128000020980835,2.4504001140594482,2.419100046157837,433.20001220703125,69.9800033569336,238.1999969482422,18.65999984741211,7689.0,,962.5,899.0999755859375
2024-07-22,2392.0,29.124000549316406,4.180500030517578,2210.5,2297.0,183.9250030517578,92.375,400.25,1117.75,548.0,79.77999877929688,82.4000015258789,2.250999927520752,2.470599889755249,2.434799909591675,439.45001220703125,70.12999725341797,243.0500030517578,18.299999237060547,8398.0,,945.4000244140625,889.2000122070312
2024-07-23,2404.60009765625,29.131999969482422,4.145999908447266,2211.5,2297.0,186.3000030517578,93.6500015258789,402.5,1117.5,542.75,76.95999908447266,81.01000213623047,2.187000036239624,2.414099931716919,2.409899950027466,433.1499938964844,68.02999877929688,239.10000610351562,18.15999984741211,8286.0,,945.0,909.0999755859375
2024-07-24,2413.300048828125,29.115999221801758,4.098999977111816,2219.0,2297.0,186.89999389648438,93.7750015258789,403.75,1111.0,547.0,77.58999633789062,81.70999908447266,2.117000102996826,2.4514999389648438,2.452399969100952,423.95001220703125,67.01000213623047,231.14999389648438,17.90999984741211,8227.0,,958.7999877929688,922.0
2024-07-25,2351.89990234375,27.80699920654297,4.112500190734863,2188.0,2297.0,188.89999389648438,93.7750015258789,406.0,1116.0,537.75,78.27999877929688,82.37000274658203,2.0409998893737793,2.467600107192993,2.4711999893188477,420.1000061035156,67.20999908447266,234.6999969482422,18.65999984741211,7805.0,,934.9000244140625,894.0
2024-07-26,2380.0,27.860000610351562,4.104499816894531,2212.0,2297.0,188.5749969482422,93.4749984741211,394.5,1077.5,523.5,77.16000366210938,81.12999725341797,2.00600004196167,2.4605000019073486,2.4196999073028564,433.79998779296875,66.06999969482422,230.25,18.420000076293945,8038.0,,934.0999755859375,884.9000244140625
2024-07-29,2377.300048828125,27.702999114990234,4.061999797821045,2163.5,2297.0,186.97500610351562,91.44999694824219,396.25,1054.75,531.0,75.80999755859375,79.77999877929688,1.906999945640564,2.415299892425537,2.375,428.25,67.51000213623047,230.39999389648438,19.010000228881836,7716.0,,949.0,885.7999877929688
2024-07-30,2405.0,28.364999771118164,4.063000202178955,2125.0,2297.0,187.6999969482422,91.19999694824219,388.75,1027.25,524.0,74.7300033569336,78.62999725341797,2.125999927520752,2.3870999813079834,2.3368000984191895,425.3500061035156,68.1500015258789,230.8000030517578,19.1200008392334,8136.0,,965.0,878.0
2024-07-31,2426.5,28.777999877929688,4.159999847412109,2189.0,2297.0,187.125,92.2750015258789,382.75,1028.5,527.25,77.91000366210938,80.72000122070312,2.0360000133514404,2.4820001125335693,2.4154999256134033,420.8999938964844,67.9800033569336,229.1999969482422,18.940000534057617,8092.0,,982.2000122070312,922.5999755859375
2024-08-01,2435.0,28.33099937438965,4.066500186920166,2176.25,2297.0,184.8000030517578,93.1500015258789,382.0,1022.0,532.0,76.30999755859375,79.5199966430664,1.968000054359436,2.3980000019073486,2.406399965286255,420.75,66.87999725341797,227.25,18.5,7562.0,,965.4000244140625,891.7999877929688
2024-08-02,2425.699951171875,28.246000289916992,4.084000110626221,2155.0,2297.0,184.10000610351562,92.19999694824219,386.5,1029.25,539.0,73.5199966430664,76.80999755859375,1.9670000076293945,2.3176000118255615,2.31850004196167,422.95001220703125,67.18000030517578,230.5,18.100000381469727,7520.0,,962.7000122070312,879.2000122070312
2024-08-05,2401.699951171875,27.076000213623047,3.9839999675750732,2134.75,2297.0,181.5500030517578,91.1500015258789,390.75,1044.25,539.5,72.94000244140625,76.30000305175781,1.9420000314712524,2.3336000442504883,2.2985999584198,417.3500061035156,66.55000305175781,225.6999969482422,18.079999923706055,7901.0,,911.0,822.7999877929688
2024-08-06,2389.10009765625,27.09600067138672,4.011499881744385,2181.0,2297.0,181.97500610351562,91.2750015258789,388.75,1028.5,543.25,73.19999694824219,76.4800033569336,2.009999990463257,2.326200008392334,2.295799970626831,430.6499938964844,66.19999694824219,235.9499969482422,17.8700008392334,8223.0,,915.4000244140625,857.0999755859375
2024-08-07,2390.5,26.829999923706055,3.9375,2177.25,2297.0,182.27499389648438,90.5999984741211,383.25,1020.25,538.25,75.2300033569336,78.33000183105469,2.111999988555908,2.357300043106079,2.355600118637085,442.3999938964844,66.47000122070312,246.3000030517578,18.139999389648438,8586.0,,924.0999755859375,883.7999877929688
2024-08-08,2422.199951171875,27.5,3.944999933242798,2167.0,2297.0,182.0500030517578,90.0250015258789,379.25,1009.75,537.5,76.19000244140625,79.16000366210938,2.127000093460083,2.399199962615967,2.357800006866455,442.5,65.79000091552734,245.3000030517578,18.56999969482422,8178.0,,934.2999877929688,905.9000244140625
2024-08-09,2432.10009765625,27.48699951171875,3.9800000190734863,2182.25,2297.0,184.25,89.80000305175781,376.75,1028.0,542.5,76.83999633789062,79.66000366210938,2.1429998874664307,2.3903000354766846,2.3396999835968018,422.70001220703125,67.08999633789062,234.0500030517578,18.479999542236328,9098.0,,927.5999755859375,893.5
2024-08-12,2462.39990234375,27.91699981689453,4.054999828338623,2199.0,2297.0,183.3249969482422,90.0250015258789,383.25,1012.0,536.75,80.05999755859375,82.30000305175781,2.188999891281128,2.4428999423980713,2.4065001010894775,426.5,68.29000091552734,240.85000610351562,18.290000915527344,8731.0,,945.0999755859375,896.5
2024-08-13,2466.699951171875,27.69499969482422,4.035999774932861,2211.0,2297.0,184.0,89.9000015258789,377.75,989.0,528.75,78.3499984741211,80.69000244140625,2.1480000019073486,2.3747000694274902,2.38919997215271,436.5,67.0999984741211,232.6999969482422,18.389999389648438,8862.0,,943.0999755859375,921.5999755859375
2024-08-14,2439.39990234375,27.253999710083008,4.025000095367432,2211.0,2297.0,184.60000610351562,90.0999984741211,381.0,979.75,534.75,76.9800033569336,79.76000213623047,2.2190001010894775,2.3210999965667725,2.3682000637054443,444.25,66.18000030517578,237.0,17.969999313354492,8833.0,,927.5999755859375,919.7999877929688
2024-08-15,2453.10009765625,28.341999053955078,4.138999938964844,2237.0,2297.0,184.0500030517578,76.5,375.0,951.5,528.25,78.16000366210938,81.04000091552734,2.197000026702881,2.3580000400543213,2.3778998851776123,459.6499938964844,66.33999633789062,239.89999389648438,17.8799991607666,8485.0,,960.0,935.5999755859375
2024-08-16,2498.60009765625,28.777999877929688,4.127500057220459,2235.5,2297.0,182.8000030517578,75.07499694824219,370.5,938.75,530.0,76.6500015258789,79.68000030517578,2.122999906539917,2.3101999759674072,2.328700065612793,457.25,66.45999908447266,245.4499969482422,18.030000686645508,8637.0,,957.2999877929688,941.7000122070312
2024-08-19,2501.800048828125,29.239999771118164,4.166500091552734,2308.75,2297.0,182.8000030517578,76.80000305175781,378.0,956.25,528.25,74.37000274658203,77.66000366210938,2.234999895095825,2.2637999057769775,2.2634999752044678,450.6000061035156,67.9800033569336,245.89999389648438,18.020000457763672,9173.0,,958.9000244140625,918.7000122070312
2024-08-20,2511.300048828125,29.454999923706055,4.149499893188477,2357.0,2297.0,181.02499389648438,76.4000015258789,375.0,957.25,533.0,74.04000091552734,77.19999694824219,2.197999954223633,2.2562999725341797,2.263200044631958,453.1499938964844,68.80000305175781,249.4499969482422,17.56999969482422,9486.0,,951.5999755859375,913.9000244140625
2024-08-21,2508.39990234375,29.47599983215332,4.18149995803833,2346.75,2297.0,181.22500610351562,76.1500015258789,375.5,963.0,519.75,71.93000030517578,76.05000305175781,2.177000045776367,2.2049999237060547,2.2497000694274902,473.1499938964844,69.70999908447266,249.4499969482422,17.649999618530273,9582.0,,968.2000122070312,940.5999755859375
2024-08-22,2478.89990234375,29.006000518798828,4.140999794006348,2350.25,2297.0,182.5500030517578,79.625,371.5,941.25,511.0,73.01000213623047,77.22000122070312,2.052999973297119,2.2437000274658203,2.2634999752044678,493.1499938964844,69.58999633789062,246.8000030517578,17.850000381469727,9689.0,,948.5999755859375,920.0
2024-08-23,2508.39990234375,29.785999298095703,4.194499969482422,2419.5,2297.0,182.5749969482422,80.55000305175781,367.75,952.0,502.25,74.83000183105469,79.0199966430664,2.0220000743865967,2.285099983215332,2.2997000217437744,505.6000061035156,71.29000091552734,251.1999969482422,18.389999389648438,9821.0,,960.4000244140625,942.5
2024-08-26,2517.699951171875,29.976999282836914,4.21150016784668,2412.5,2297.0,183.60000610351562,80.4000015258789,362.0,959.75,498.0,77.41999816894531,81.43000030517578,1.9559999704360962,2.279900074005127,2.3480000495910645,488.54998779296875,70.58000183105469,253.64999389648438,19.040000915527344,9880.0,,968.5999755859375,960.2000122070312
2024-08-27,2516.0,29.951000213623047,4.230500221252441,2418.25,2297.0,185.1750030517578,82.07499694824219,367.25,967.5,508.25,75.52999877929688,79.55000305175781,1.9040000438690186,2.2469000816345215,2.2862000465393066,468.54998779296875,70.0199966430664,259.3999938964844,19.600000381469727,9785.0,,959.0,958.5
2024-08-28,2501.0,29.176000595092773,4.144999980926514,2363.0,2297.0,183.75,81.67500305175781,365.25,958.5,514.25,74.5199966430664,78.6500015258789,1.9299999475479126,2.2147998809814453,2.229099988937378,468.5,68.73999786376953,260.45001220703125,19.540000915527344,9730.0,,933.7000122070312,933.9000244140625
2024-08-29,2525.699951171875,29.55699920654297,4.147500038146973,2344.75,2297.0,184.875,82.17500305175781,371.75,973.75,525.0,75.91000366210938,79.94000244140625,2.13700008392334,2.2476999759674072,2.2839999198913574,485.20001220703125,70.12999725341797,251.8000030517578,19.889999389648438,9600.0,,941.4000244140625,972.5
2024-08-30,2493.800048828125,28.731000900268555,4.144999980926514,2342.5,2297.0,185.85000610351562,82.2249984741211,378.0,982.0,532.75,73.55000305175781,78.80000305175781,2.127000093460083,2.211699962615967,2.251499891281128,496.6000061035156,69.79000091552734,248.1999969482422,19.3799991607666,9666.0,,927.7999877929688,961.0999755859375
2024-09-03,2489.89990234375,27.951000213623047,4.0320000648498535,2294.5,2297.0,179.27499389648438,82.5250015258789,386.5,997.0,552.0,70.33999633789062,73.75,2.203000068664551,1.9776999950408936,2.2060000896453857,518.0499877929688,70.76000213623047,246.75,19.489999771118164,9663.0,,905.2999877929688,931.0999755859375
2024-09-04,2493.39990234375,28.16699981689453,4.019499778747559,2293.0,2297.0,179.22500610351562,81.57499694824219,390.5,1006.0,565.25,69.19999694824219,72.69999694824219,2.1449999809265137,1.9617999792099,2.1575000286102295,529.7999877929688,69.88999938964844,245.5500030517578,19.239999771118164,9282.0,,903.7999877929688,927.2000122070312
2024-09-05,2511.39990234375,28.719999313354492,4.077499866485596,2269.5,2297.0,177.25,80.69999694824219,390.0,1008.25,561.0,69.1500015258789,72.69000244140625,2.253999948501587,1.9257999658584595,2.1689000129699707,549.75,69.48999786376953,246.60000610351562,19.219999313354492,9539.0,,925.9000244140625,934.7000122070312
2024-09-06,2493.5,27.808000564575195,4.014500141143799,2258.0,2297.0,175.1750030517578,79.5,383.75,989.25,553.25,67.66999816894531,71.05999755859375,2.2750000953674316,1.8960000276565552,2.115000009536743,555.5,67.12000274658203,240.0500030517578,18.90999984741211,9459.0,,914.2999877929688,896.2999877929688
2024-09-09,2501.800048828125,28.291000366210938,4.084499835968018,2257.5,2297.0,176.9250030517578,78.80000305175781,384.25,1000.0,555.5,68.70999908447266,71.83999633789062,2.1700000762939453,1.9204000234603882,2.139400005340576,549.9500122070312,67.54000091552734,249.4499969482422,18.829999923706055,9839.0,,942.5,936.7999877929688
2024-09-10,2512.300048828125,28.256999969482422,4.040500164031982,2259.5,2297.0,176.3249969482422,78.55000305175781,379.5,977.5,558.75,65.75,69.19000244140625,2.2320001125335693,1.8700000047683716,2.058000087738037,513.5,68.08000183105469,248.0,18.469999313354492,9654.0,,939.9000244140625,960.0
2024-09-11,2512.10009765625,28.562999725341797,4.083000183105469,2300.0,2297.0,176.9499969482422,79.75,380.5,979.75,563.75,67.30999755859375,70.61000061035156,2.2699999809265137,1.8971999883651733,2.0917000770568848,482.25,69.30999755859375,249.4499969482422,18.729999542236328,10115.0,,952.4000244140625,1010.2000122070312
2024-09-12,2551.199951171875,29.743000030517578,4.132999897003174,2334.5,2297.0,178.02499389648438,78.9000015258789,386.25,991.5,563.0,68.97000122070312,71.97000122070312,2.3570001125335693,1.9270000457763672,2.118799924850464,474.1499938964844,70.05000305175781,252.0,19.06999969482422,9968.0,,981.9000244140625,1053.800048828125
2024-09-13,2581.300048828125,30.698999404907227,4.175000190734863,2380.0,2297.0,177.64999389648438,78.44999694824219,390.75,986.75,571.25,68.6500015258789,71.61000061035156,2.305000066757202,1.9301999807357788,2.0843000411987305,483.1000061035156,69.4800033569336,262.04998779296875,19.010000228881836,10079.0,,1006.5,1076.0
2024-09-16,2580.39990234375,30.770999908447266,4.2129998207092285,2437.5,2297.0,177.22500610351562,79.92500305175781,410.75,1004.5,578.5,70.08999633789062,72.75,2.372999906539917,1.9681999683380127,2.0968000888824463,481.6499938964844,71.75,259.04998779296875,19.18000030517578,7767.0,,987.9000244140625,1084.4000244140625
2024-09-17,2564.300048828125,30.618999481201172,4.213500022888184,2430.25,2297.0,178.8000030517578,81.7750015258789,412.5,1006.0,575.75,71.19000244140625,73.69999694824219,2.3239998817443848,2.0018999576568604,2.136699914932251,485.70001220703125,70.80999755859375,265.0,19.979999542236328,7620.0,,982.7999877929688,1104.699951171875
2024-09-18,2570.699951171875,30.340999603271484,4.23799991607666,2437.5,2297.0,178.3000030517578,82.05000305175781,412.75,1014.0,575.75,70.91000366210938,73.6500015258789,2.2839999198913574,2.010699987411499,2.1475000381469727,496.1499938964844,69.68000030517578,263.1499938964844,21.15999984741211,7814.0,,974.7999877929688,1068.300048828125
2024-09-19,2588.0,31.0939998626709,4.285999774932861,2463.25,2297.0,179.97500610351562,82.25,405.75,1013.25,565.5,71.94999694824219,74.87999725341797,2.3480000495910645,2.059999942779541,2.171999931335449,476.1499938964844,71.58000183105469,261.6499938964844,21.93000030517578,7750.0,,994.0999755859375,1100.4000244140625
2024-09-20,2619.89990234375,31.176000595092773,4.281499862670898,2402.25,2297.0,182.47500610351562,82.2249984741211,401.75,1012.0,568.5,71.91999816894531,74.48999786376953,2.434000015258789,2.036400079727173,2.1614999771118164,490.8500061035156,72.20999908447266,250.75,22.65999984741211,7658.0,,981.5999755859375,1079.9000244140625
2024-09-23,2626.5,30.767000198364258,4.289000034332275,2408.0,2297.0,183.25,82.30000305175781,413.5,1039.25,582.5,70.37000274658203,73.9000015258789,2.61299991607666,1.9902000427246094,2.1451001167297363,474.5,71.69999694824219,263.6499938964844,22.549999237060547,7786.0,,961.5,1046.9000244140625
2024-09-24,2651.199951171875,32.111000061035156,4.429500102996826,2484.5,2297.0,183.1999969482422,82.125,411.75,1042.25,578.0,71.55999755859375,75.16999816894531,2.5510001182556152,2.0297000408172607,2.180500030517578,489.04998779296875,73.0999984741211,267.79998779296875,23.1200008392334,7867.0,,987.4000244140625,1061.9000244140625
2024-09-25,2659.199951171875,31.697999954223633,4.427999973297119,2451.75,2297.0,183.0500030517578,82.4749984741211,415.25,1053.25,589.25,69.69000244140625,73.45999908447266,2.63700008392334,1.999899983406067,2.1602001190185547,489.1499938964844,74.0199966430664,269.1000061035156,23.420000076293945,7955.0,,991.4000244140625,1033.300048828125
2024-09-26,2669.89990234375,32.025001525878906,4.580999851226807,2543.0,2297.0,184.10000610351562,82.0250015258789,413.25,1041.0,584.25,67.66999816894531,71.5999984741211,2.5850000381469727,1.961300015449524,2.1361000537872314,475.29998779296875,73.86000061035156,273.8999938964844,23.309999465942383,8122.0,,1011.0999755859375,1044.300048828125
2024-09-27,2644.300048828125,31.518999099731445,4.540999889373779,2579.0,2297.0,183.75,82.05000305175781,418.0,1065.75,580.0,68.18000030517578,71.9800033569336,2.9019999504089355,1.9529999494552612,2.132699966430664,470.20001220703125,73.54000091552734,269.1499938964844,22.790000915527344,8281.0,,1008.5,1014.0
2024-09-30,2636.10009765625,31.163999557495117,4.495999813079834,2534.25,2297.0,183.77499389648438,82.25,424.75,1057.0,584.0,68.16999816894531,71.7699966430664,2.9230000972747803,1.9621000289916992,2.1317999362945557,461.04998779296875,73.55999755859375,270.25,22.670000076293945,7722.0,,979.0,998.9000244140625
2024-10-01,2667.300048828125,31.44499969482422,4.5355000495910645,2564.75,2297.0,184.47500610351562,83.5,429.0,1057.25,599.0,69.83000183105469,73.55999755859375,2.8959999084472656,1.966599941253662,2.1742000579833984,471.45001220703125,73.0,264.1499938964844,22.969999313354492,7039.0,,988.4000244140625,993.5999755859375
2024-10-02,2647.10009765625,31.628000259399414,4.5960001945495605,2580.5,2297.0,187.4250030517578,84.67500305175781,432.5,1056.0,615.25,70.0999984741211,73.9000015258789,2.885999917984009,1.9859000444412231,2.1821000576019287,465.95001220703125,73.16000366210938,256.5,22.68000030517578,7064.0,,1004.4000244140625,1016.4000244140625
2024-10-03,2657.10009765625,32.18899917602539,4.501999855041504,2551.25,2297.0,186.0,84.17500305175781,428.25,1046.0,603.5,73.70999908447266,77.62000274658203,2.9700000286102295,2.092600107192993,2.2946999073028564,469.6000061035156,72.48999786376953,252.0500030517578,23.239999771118164,7030.0,,993.2000122070312,997.2999877929688
2024-10-04,2645.800048828125,32.12799835205078,4.522500038146973,2583.75,2297.0,187.0,84.0250015258789,424.75,1037.75,589.75,74.37999725341797,78.05000305175781,2.8540000915527344,2.0957999229431152,2.312700033187866,468.6499938964844,73.02999877929688,257.3500061035156,23.010000228881836,7069.0,,989.7999877929688,995.2000122070312
2024-10-07,2644.800048828125,31.7450008392334,4.519000053405762,2590.5,2297.0,187.47500610351562,83.9749984741211,426.0,1034.0,592.5,77.13999938964844,80.93000030517578,2.746000051498413,2.1538000106811523,2.396199941635132,483.25,73.29000091552734,244.64999389648438,22.549999237060547,6908.0,,977.0,1023.0
2024-10-08,2615.0,30.354999542236328,4.4120001792907715,2496.25,2297.0,188.47500610351562,84.125,420.75,1016.25,594.75,73.56999969482422,77.18000030517578,2.7330000400543213,2.0680999755859375,2.2971999645233154,475.8999938964844,72.02999877929688,248.1999969482422,22.489999771118164,7050.0,,951.7000122070312,1003.5999755859375
2024-10-09,2606.0,30.424999237060547,4.355000019073486,2463.0,2297.0,188.1999969482422,83.92500305175781,421.0,1020.25,599.0,73.23999786376953,76.58000183105469,2.6600000858306885,2.0664000511169434,2.276900053024292,477.20001220703125,72.01000213623047,250.0500030517578,22.040000915527344,7351.0,,948.7000122070312,1036.9000244140625
2024-10-10,2620.60009765625,31.0049991607666,4.385000228881836,2520.75,2297.0,189.1750030517578,84.0250015258789,418.5,1014.75,603.75,75.8499984741211,79.4000015258789,2.674999952316284,2.150899887084961,2.3508999347686768,459.20001220703125,72.66000366210938,254.75,22.15999984741211,7529.0,,967.7000122070312,1065.4000244140625
2024-10-11,2657.60009765625,31.520000457763672,4.451499938964844,2569.75,2297.0,188.60000610351562,84.07499694824219,415.75,1005.5,599.0,75.55999755859375,79.04000091552734,2.631999969482422,2.151599884033203,2.343899965286255,479.20001220703125,72.20999908447266,252.0500030517578,22.239999771118164,7739.0,,985.0,1061.800048828125
2024-10-14,2647.800048828125,31.08300018310547,4.363500118255615,2533.75,2297.0,188.25,84.0999984741211,408.25,996.0,585.25,73.83000183105469,77.45999908447266,2.49399995803833,2.108599901199341,2.274199962615967,495.8999938964844,71.02999877929688,262.04998779296875,22.389999389648438,7615.0,,994.9000244140625,1023.0999755859375
2024-10-15,2661.39990234375,31.527000427246094,4.30049991607666,2515.5,2297.0,186.72500610351562,75.2249984741211,401.25,991.0,579.5,70.58000183105469,74.25,2.497999906539917,2.0376999378204346,2.187700033187866,496.54998779296875,70.62000274658203,256.70001220703125,22.81999969482422,7942.0,,987.7000122070312,1004.2000122070312
2024-10-16,2674.0,31.760000228881836,4.331500053405762,2525.25,2297.0,187.0500030517578,77.69999694824219,404.75,980.0,585.0,70.38999938964844,74.22000122070312,2.367000102996826,2.040299892425537,2.1747000217437744,501.3999938964844,71.26000213623047,258.0,22.0,7765.0,,993.7999877929688,1019.0
2024-10-17,2691.0,31.572999954223633,4.286499977111816,2503.75,2297.0,186.625,77.67500305175781,406.75,988.75,589.5,70.66999816894531,74.44999694824219,2.3469998836517334,2.046799898147583,2.194499969482422,493.75,70.76000213623047,255.14999389648438,22.15999984741211,7771.0,,997.0,1038.300048828125
2024-10-18,2713.699951171875,33.03200149536133,4.3460001945495605,2566.25,2297.0,187.625,77.82499694824219,404.75,970.0,572.75,69.22000122070312,73.05999755859375,2.257999897003174,2.002000093460083,2.1521999835968018,480.0,70.98999786376953,257.29998779296875,22.18000030517578,7450.0,,1015.0999755859375,1077.699951171875
2024-10-21,2723.10009765625,33.86899948120117,4.322999954223633,2541.5,2297.0,187.0,78.2750015258789,409.5,981.0,572.25,70.55999755859375,74.29000091552734,2.312000036239624,2.014699935913086,2.183300018310547,499.25,72.19999694824219,251.6999969482422,21.829999923706055,7394.0,,1007.5999755859375,1048.4000244140625
2024-10-22,2744.199951171875,34.83100128173828,4.3480000495910645,2574.5,2297.0,188.0500030517578,79.125,416.5,991.75,576.0,72.08999633789062,76.04000091552734,2.311000108718872,2.071500062942505,2.236999988555908,487.0,72.08000183105469,249.85000610351562,21.729999542236328,7140.0,,1033.0,1074.199951171875
2024-10-23,2714.39990234375,33.63999938964844,4.304500102996826,2612.25,2297.0,187.625,80.17500305175781,419.0,997.5,578.5,70.7699966430664,74.95999908447266,2.3420000076293945,2.0413999557495117,2.22160005569458,500.1000061035156,72.51000213623047,252.35000610351562,22.34000015258789,7001.0,,1019.7999877929688,1057.5
2024-10-24,2734.89990234375,33.611000061035156,4.319499969482422,2597.25,2297.0,189.3000030517578,78.6500015258789,421.5,996.25,581.5,70.19000244140625,74.37999725341797,2.5220000743865967,2.0276999473571777,2.2023000717163086,506.95001220703125,71.52999877929688,245.4499969482422,22.200000762939453,6756.0,,1024.199951171875,1161.0
2024-10-25,2740.89990234375,33.60300064086914,4.3394999504089355,2629.0,2297.0,189.6999969482422,79.67500305175781,415.25,987.75,569.0,71.77999877929688,76.05000305175781,2.559999942779541,2.0785000324249268,2.238100051879883,525.8499755859375,70.66000366210938,248.39999389648438,22.139999389648438,6770.0,,1027.199951171875,1199.699951171875
2024-10-28,2742.89990234375,33.83000183105469,4.331999778747559,2590.5,2297.0,190.1750030517578,80.625,410.75,974.0,558.75,67.37999725341797,71.41999816894531,2.309000015258789,1.9664000272750854,2.1285998821258545,530.9500122070312,70.36000061035156,252.35000610351562,21.959999084472656,6917.0,,1037.300048828125,1222.0
2024-10-29,2768.39990234375,34.26900100708008,4.332499980926514,2606.0,2297.0,189.3000030517578,82.82499694824219,413.75,965.25,570.5,67.20999908447266,71.12000274658203,2.3459999561309814,1.951799988746643,2.133699893951416,511.5,70.55999755859375,248.10000610351562,22.079999923706055,7267.0,,1051.0,1227.0
2024-10-30,2788.5,33.91400146484375,4.327499866485596,2563.0,2297.0,188.39999389648438,84.375,411.5,976.5,573.25,68.61000061035156,72.55000305175781,2.8450000286102295,1.9957000017166138,2.1875998973846436,505.3500061035156,69.91999816894531,249.60000610351562,22.219999313354492,7391.0,,1013.0999755859375,1149.0
2024-10-31,2738.300048828125,32.65299987792969,4.313499927520752,2560.5,2297.0,193.0,83.80000305175781,410.75,982.5,570.5,69.26000213623047,73.16000366210938,2.7070000171661377,2.003499984741211,2.2195000648498535,529.75,69.56999969482422,245.89999389648438,22.739999771118164,7334.0,,991.5999755859375,1106.5
2024-11-01,2738.60009765625,32.54199981689453,4.347499847412109,2546.25,2297.0,185.9250030517578,84.07499694824219,414.5,982.5,568.0,69.48999786376953,73.0999984741211,2.6630001068115234,1.9665000438690186,2.2342000007629395,543.7999877929688,70.16999816894531,242.9499969482422,22.06999969482422,7341.0,,995.0999755859375,1103.800048828125
2024-11-04,2736.10009765625,32.47999954223633,4.4070000648498535,2560.75,2297.0,185.0749969482422,83.2249984741211,416.5,987.25,568.75,71.47000122070312,75.08000183105469,2.7809998989105225,2.019200086593628,2.28410005569458,528.4000244140625,69.93000030517578,245.9499969482422,21.93000030517578,7328.0,,982.4000244140625,1066.4000244140625
2024-11-05,2740.300048828125,32.654998779296875,4.450500011444092,2616.75,2297.0,184.77499389648438,81.125,418.5,993.75,572.5,71.98999786376953,75.52999877929688,2.6700000762939453,2.044600009918213,2.3041999340057373,511.75,69.94999694824219,250.14999389648438,21.899999618530273,7251.0,,1000.4000244140625,1076.9000244140625
2024-11-06,2667.60009765625,31.22100067138672,4.222499847412109,2548.75,2297.0,185.39999389648438,82.125,426.25,994.5,573.25,71.69000244140625,74.91999816894531,2.746999979019165,2.035399913787842,2.2699999809265137,516.2999877929688,69.69000244140625,248.75,22.030000686645508,6924.0,,986.0,1036.0999755859375
2024-11-07,2698.39990234375,31.764999389648438,4.409999847412109,2654.5,2297.0,185.8249969482422,81.19999694824219,427.5,1015.5,571.5,72.36000061035156,75.62999725341797,2.693000078201294,2.0536000728607178,2.286400079727173,519.8499755859375,71.05000305175781,260.3999938964844,22.200000762939453,7360.0,,992.7999877929688,1017.4000244140625
2024-11-08,2687.5,31.358999252319336,4.286499977111816,2561.75,2297.0,183.6999969482422,80.42500305175781,431.0,1016.75,572.5,70.37999725341797,73.87000274658203,2.6689999103546143,2.012500047683716,2.2388999462127686,526.6500244140625,70.9800033569336,253.35000610351562,21.81999969482422,7117.0,,973.5999755859375,988.9000244140625
2024-11-11,2611.199951171875,30.540000915527344,4.210999965667725,2502.5,2297.0,183.6999969482422,81.7750015258789,430.0,1011.75,565.5,68.04000091552734,71.83000183105469,2.9200000762939453,1.9570000171661377,2.1975998878479004,473.1499938964844,69.69000244140625,256.20001220703125,21.360000610351562,7298.0,,964.2999877929688,979.4000244140625
2024-11-12,2600.0,30.68600082397461,4.119500160217285,2471.0,2297.0,184.39999389648438,82.3499984741211,428.5,1003.5,552.25,68.12000274658203,71.88999938964844,2.9070000648498535,1.9643000364303589,2.2107999324798584,478.75,68.7699966430664,263.54998779296875,21.350000381469727,7867.0,,942.9000244140625,938.2999877929688
2024-11-13,2580.800048828125,30.59000015258789,4.065999984741211,2452.25,2297.0,184.02499389648438,81.875,426.5,1004.25,541.0,68.43000030517578,72.27999877929688,2.9830000400543213,1.9651000499725342,2.2193000316619873,470.70001220703125,68.9000015258789,271.6499938964844,21.170000076293945,8163.0,,938.0999755859375,929.5
2024-11-14,2568.199951171875,30.507999420166016,4.072999954223633,2428.5,2297.0,182.9499969482422,80.0999984741211,419.0,985.75,530.25,68.69999694824219,72.55999755859375,2.7850000858306885,1.9816999435424805,2.2123000621795654,485.95001220703125,68.31999969482422,278.95001220703125,21.559999465942383,8686.0,,938.7000122070312,923.4000244140625
2024-11-15,2565.699951171875,30.371000289916992,4.051000118255615,2566.75,2297.0,182.9499969482422,79.5,424.0,998.5,536.5,67.0199966430664,71.04000091552734,2.822999954223633,1.9493000507354736,2.1709001064300537,480.25,66.80000305175781,281.79998779296875,21.579999923706055,8607.0,,939.7999877929688,941.2999877929688
2024-11-18,2610.60009765625,31.163000106811523,4.107999801635742,2535.5,2297.0,184.10000610351562,80.0250015258789,429.25,1009.75,547.25,69.16000366210938,73.30000305175781,2.9730000495910645,2.0183000564575195,2.2513999938964844,472.79998779296875,66.62000274658203,280.75,22.200000762939453,8404.0,,969.0999755859375,1006.2000122070312
2024-11-19,2627.10009765625,31.20800018310547,4.130000114440918,2575.25,2297.0,186.5749969482422,79.55000305175781,427.25,998.5,549.75,69.38999938964844,73.30999755859375,2.997999906539917,2.0376999378204346,2.2402000427246094,479.20001220703125,66.88999938964844,279.75,22.020000457763672,8574.0,,973.2999877929688,1035.300048828125
2024-11-20,2648.199951171875,30.95599937438965,4.143499851226807,2573.25,2297.0,186.3000030517578,80.5250015258789,430.25,990.5,552.5,68.87000274658203,72.80999755859375,3.193000078201294,2.045799970626831,2.226300001144409,494.75,68.45999908447266,295.29998779296875,21.649999618530273,8340.0,,960.7000122070312,1023.9000244140625
2024-11-21,2672.10009765625,30.91200065612793,4.11299991607666,2570.5,2297.0,185.60000610351562,80.80000305175781,426.75,977.75,548.75,70.0999984741211,74.2300033569336,3.3389999866485596,2.0594000816345215,2.274399995803833,511.20001220703125,69.19000244140625,298.6499938964844,21.3799991607666,8449.0,,965.2000122070312,1042.5999755859375
2024-11-22,2709.89990234375,31.30900001525879,4.073999881744385,2556.0,2297.0,186.77499389648438,81.67500305175781,425.5,983.5,544.25,71.23999786376953,75.16999816894531,3.128999948501587,2.0613999366760254,2.274899959564209,505.3999938964844,71.6500015258789,305.25,21.360000610351562,8897.0,,969.7000122070312,1017.0
2024-11-25,2616.800048828125,30.209999084472656,4.0914998054504395,2580.75,2297.0,186.5,81.9749984741211,424.75,985.75,535.75,68.94000244140625,73.01000213623047,3.36899995803833,2.000499963760376,2.235300064086914,513.0999755859375,73.19999694824219,308.3500061035156,21.149999618530273,8863.0,,938.7999877929688,979.7999877929688
2024-11-26,2620.300048828125,30.38800048828125,4.039000034332275,2555.25,2297.0,186.89999389648438,83.0999984741211,420.0,983.5,539.5,68.7699966430664,72.80999755859375,3.430999994277954,1.9917999505996704,2.2404000759124756,522.0499877929688,73.37000274658203,312.1499938964844,21.56999969482422,9033.0,,923.2999877929688,987.2000122070312
2024-11-27,2639.89990234375,30.111000061035156,4.066999912261963,2556.5,2297.0,188.0,82.4000015258789,415.75,988.75,537.75,68.72000122070312,72.83000183105469,3.2039999961853027,1.9733999967575073,2.2035999298095703,513.75,73.56999969482422,326.1499938964844,21.690000534057617,8844.0,,926.9000244140625,982.7999877929688
2024-11-29,2657.0,30.684999465942383,4.08050012588501,2562.0,2297.0,187.97500610351562,82.07499694824219,423.0,989.5,532.25,68.0,72.94000244140625,3.36299991607666,1.9436999559402466,2.193000078201294,500.75,73.3499984741211,321.6499938964844,21.079999923706055,9220.0,,949.5,990.2000122070312
2024-12-02,2634.89990234375,30.448999404907227,4.075500011444092,2559.0,2297.0,187.52499389648438,83.2249984741211,424.5,985.25,537.5,68.0999984741211,71.83000183105469,3.2130000591278076,1.917199969291687,2.1777000427246094,510.70001220703125,72.43000030517578,299.20001220703125,21.06999969482422,9197.0,,945.9000244140625,991.9000244140625
2024-12-03,2644.699951171875,31.07699966430664,4.145999908447266,2590.5,2297.0,188.47500610351562,83.25,423.25,991.75,536.75,69.94000244140625,73.62000274658203,3.0420000553131104,1.962399959564209,2.2177000045776367,512.0,72.69000244140625,297.70001220703125,21.3700008392334,8833.0,,955.7999877929688,983.7000122070312
2024-12-04,2653.800048828125,31.5049991607666,4.142000198364258,2625.25,2297.0,188.375,82.5,422.0,983.75,538.0,68.54000091552734,72.30999755859375,3.0429999828338623,1.9391000270843506,2.1673998832702637,504.20001220703125,72.5999984741211,305.95001220703125,21.260000228881836,9196.0,,948.9000244140625,988.7999877929688
2024-12-05,2626.60009765625,31.134000778198242,4.135000228881836,2614.25,2297.0,186.97500610351562,82.42500305175781,426.5,993.75,546.75,68.30000305175781,72.08999633789062,3.0789999961853027,1.9325000047683716,2.1556999683380127,494.70001220703125,72.38999938964844,315.75,21.200000762939453,9648.0,,937.2000122070312,970.0999755859375
2024-12-06,2638.60009765625,31.18600082397461,4.138500213623047,2549.0,2297.0,187.375,83.30000305175781,430.75,993.75,542.5,67.19999694824219,71.12000274658203,3.0759999752044678,1.9062000513076782,2.1326000690460205,504.0,71.4000015258789,332.5,21.809999465942383,9767.0,,930.0,960.2999877929688
2024-12-09,2664.89990234375,32.215999603271484,4.223499774932861,2524.5,2297.0,187.8000030517578,82.9000015258789,434.0,990.0,541.25,68.37000274658203,72.13999938964844,3.181999921798706,1.9524999856948853,2.183500051498413,491.79998779296875,69.94999694824219,332.29998779296875,21.5,9977.0,,950.2000122070312,988.5999755859375
2024-12-10,2697.60009765625,32.362998962402344,4.223499774932861,2518.25,2297.0,189.85000610351562,82.92500305175781,440.5,994.75,542.0,68.58999633789062,72.19000244140625,3.1630001068115234,1.9567999839782715,2.1861000061035156,500.20001220703125,69.4800033569336,335.6499938964844,21.040000915527344,10387.0,,945.2999877929688,974.5999755859375
2024-12-11,2733.800048828125,32.5620002746582,4.214000225067139,2535.0,2297.0,192.25,83.5,438.0,995.5,543.5,70.29000091552734,73.5199966430664,3.378000020980835,1.98580002784729,2.223299980163574,498.04998779296875,70.1500015258789,321.70001220703125,21.280000686645508,10458.0,,947.0,1002.7000122070312
2024-12-12,2687.5,31.22800064086914,4.195000171661377,2535.5,2297.0,192.125,83.55000305175781,431.75,995.75,538.75,70.0199966430664,73.41000366210938,3.4549999237060547,1.9884999990463257,2.236599922180176,501.0,70.08999633789062,322.6000061035156,20.889999389648438,10702.0,,936.5999755859375,983.0
2024-12-13,2656.0,30.655000686645508,4.14900016784668,2521.25,2297.0,193.64999389648438,83.7249984741211,430.0,988.25,526.5,71.29000091552734,74.48999786376953,3.2799999713897705,2.001800060272217,2.2699999809265137,512.9000244140625,69.2699966430664,320.8500061035156,20.719999313354492,11181.0,,921.2999877929688,953.0999755859375
2024-12-16,2651.39990234375,30.69700050354004,4.143499851226807,2488.75,2297.0,192.02499389648438,83.55000305175781,445.0,982.0,550.0,70.70999908447266,73.91000366210938,3.2139999866485596,1.9757000207901,2.2639999389648438,532.9000244140625,69.05999755859375,328.75,20.68000030517578,11821.0,,938.2999877929688,944.7999877929688
2024-12-17,2644.39990234375,30.572999954223633,4.0914998054504395,2464.0,2297.0,192.25,83.19999694824219,443.5,976.75,545.0,70.08000183105469,73.19000244140625,3.308000087738037,1.9438999891281128,2.2279000282287598,526.4000244140625,68.69000244140625,325.45001220703125,19.84000015258789,11765.0,,941.5,932.5999755859375
2024-12-18,2636.5,30.40999984741211,4.099999904632568,2467.0,2297.0,191.3000030517578,83.69999694824219,437.25,951.75,541.25,70.58000183105469,73.38999938964844,3.374000072479248,1.9428000450134277,2.255000114440918,535.4000244140625,68.08000183105469,333.1499938964844,19.649999618530273,12565.0,,932.5999755859375,919.5999755859375
2024-12-19,2592.199951171875,29.0939998626709,4.020500183105469,2448.25,2297.0,190.35000610351562,83.625,440.75,963.0,533.0,69.91000366210938,72.87999725341797,3.5840001106262207,1.9227999448776245,2.2376999855041504,547.7000122070312,67.91000366210938,323.75,19.399999618530273,12107.0,,921.5,897.0999755859375
2024-12-20,2628.699951171875,29.65999984741211,4.040999889373779,2481.0,2297.0,191.3249969482422,85.92500305175781,446.25,974.5,533.0,69.45999908447266,72.94000244140625,3.747999906539917,1.94159996509552,2.2316999435424805,528.9500122070312,68.05999755859375,325.0,19.510000228881836,11954.0,,934.4000244140625,906.5999755859375
2024-12-23,2612.300048828125,29.88800048828125,4.0229997634887695,2477.25,2297.0,190.97500610351562,84.375,447.75,969.5,540.5,69.23999786376953,72.62999725341797,3.6559998989105225,1.9383000135421753,2.226300001144409,502.8500061035156,69.41999816894531,327.25,19.540000915527344,11746.0,,946.9000244140625,915.2999877929688
2024-12-24,2620.0,29.974000930786133,4.049499988555908,2532.0,2297.0,190.8000030517578,84.375,448.5,975.25,534.75,70.0999984741211,73.58000183105469,3.946000099182129,1.958899974822998,2.2214999198913574,511.45001220703125,68.77999877929688,328.6000061035156,19.540000915527344,11852.0,,958.5,938.2999877929688
2024-12-26,2638.800048828125,30.047000885009766,4.072000026702881,2507.0,2297.0,192.77499389648438,84.19999694824219,453.75,988.0,541.0,69.62000274658203,73.26000213623047,3.7149999141693115,1.9457999467849731,2.2053000926971436,496.45001220703125,68.75,324.6499938964844,19.260000228881836,11027.0,,952.2000122070312,906.4000244140625
2024-12-27,2617.199951171875,29.655000686645508,4.0625,2530.0,2297.0,193.5,84.1500015258789,454.0,980.0,546.5,70.5999984741211,74.16999816894531,3.5139999389648438,1.9581999778747559,2.244800090789795,501.8999938964844,68.88999938964844,322.6499938964844,19.3700008392334,10124.0,,917.5,893.5999755859375
2024-12-30,2606.10009765625,29.106000900268555,4.045499801635742,2545.25,2297.0,194.0749969482422,81.625,452.25,982.0,548.25,70.98999786376953,74.38999938964844,3.936000108718872,1.9763000011444092,2.299499988555908,494.5,68.4800033569336,321.0,19.1299991607666,11507.0,,902.4000244140625,894.2000122070312
2024-12-31,2629.199951171875,28.940000534057617,3.9860000610351562,2521.75,2297.0,193.85000610351562,81.30000305175781,458.5,998.25,551.5,71.72000122070312,74.63999938964844,3.632999897003174,2.001499891281128,2.3206000328063965,497.5,68.4000015258789,319.75,19.260000228881836,11675.0,,894.0,902.9000244140625
2025-01-02,2658.89990234375,29.621999740600586,3.9885001182556152,2498.25,2297.0,193.60000610351562,81.1500015258789,459.5,999.5,545.75,73.12999725341797,75.93000030517578,3.6600000858306885,2.0518999099731445,2.3540000915527344,499.1499938964844,68.56999969482422,326.8500061035156,19.729999542236328,11137.0,,908.9000244140625,905.2000122070312
2025-01-03,2645.0,29.805999755859375,4.0395002365112305,2458.0,2297.0,194.0500030517578,80.7750015258789,450.75,981.0,529.25,73.95999908447266,76.51000213623047,3.3540000915527344,2.0536999702453613,2.3478000164031982,505.95001220703125,67.66000366210938,318.6499938964844,19.649999618530273,11238.0,,934.5999755859375,915.5999755859375
2025-01-06,2638.39990234375,30.341999053955078,4.126999855041504,2469.25,2297.0,195.1999969482422,79.6500015258789,457.75,992.5,540.5,73.55999755859375,76.30000305175781,3.671999931335449,2.0355000495910645,2.3552000522613525,526.1500244140625,68.68000030517578,318.6000061035156,19.329999923706055,11377.0,,929.2999877929688,909.5999755859375
2025-01-07,2656.699951171875,30.44700050354004,4.1605000495910645,2491.75,2297.0,195.5749969482422,79.17500305175781,458.0,992.25,542.5,74.25,77.05000305175781,3.4489998817443848,2.026599884033203,2.366300106048584,507.29998779296875,68.51000213623047,320.5,19.450000762939453,11210.0,,962.7999877929688,921.2999877929688
2025-01-08,2664.5,30.45199966430664,4.227499961853027,2467.0,2297.0,193.6999969482422,79.4749984741211,454.0,987.5,536.25,73.31999969482422,76.16000366210938,3.6510000228881836,2.010200023651123,2.3506999015808105,522.6500244140625,68.2300033569336,316.45001220703125,19.239999771118164,10453.0,,969.7999877929688,921.5
2025-01-09,2683.800048828125,30.791000366210938,4.2795000076293945,2507.5,2297.0,197.60000610351562,81.7750015258789,456.0,992.25,534.0,73.91999816894531,76.91999816894531,3.7009999752044678,2.0283000469207764,2.378200054168701,505.6499938964844,68.5,318.5,19.100000381469727,10927.0,,970.2999877929688,923.9000244140625
2025-01-10,2708.5,31.090999603271484,4.274499893188477,2549.25,2297.0,198.77499389648438,82.55000305175781,470.5,1013.5,530.75,76.56999969482422,79.76000213623047,3.989000082015991,2.074899911880493,2.501699924468994,494.3999938964844,67.01000213623047,323.8500061035156,19.219999313354492,10570.0,,982.0999755859375,961.7000122070312
2025-01-13,2673.5,30.090999603271484,4.295499801635742,2568.5,2297.0,197.39999389648438,83.17500305175781,476.5,1041.5,545.0,78.81999969482422,81.01000213623047,3.934000015258789,2.1003000736236572,2.5332999229431152,479.6499938964844,67.63999938964844,325.95001220703125,18.899999618530273,10928.0,,962.0999755859375,934.7999877929688
2025-01-14,2677.5,30.131999969482422,4.310500144958496,2571.75,2297.0,197.39999389648438,83.625,474.5,1043.0,546.25,77.5,79.91999816894531,3.9679999351501465,2.104599952697754,2.5253000259399414,480.29998779296875,67.5,321.95001220703125,18.31999969482422,10951.0,,936.2000122070312,940.7000122070312
2025-01-15,2712.5,31.319000244140625,4.359499931335449,2608.25,2297.0,198.52499389648438,83.125,478.75,1042.75,547.0,80.04000091552734,82.02999877929688,4.083000183105469,2.158900022506714,2.6135001182556152,481.20001220703125,67.7699966430664,330.45001220703125,18.010000228881836,10821.0,,931.2999877929688,965.5
2025-01-16,2746.39990234375,31.523000717163086,4.4105000495910645,2655.5,2297.0,196.60000610351562,82.30000305175781,474.5,1019.0,537.5,78.68000030517578,81.29000091552734,4.257999897003174,2.123199939727783,2.6171998977661133,465.04998779296875,66.7300033569336,327.1499938964844,18.40999984741211,10502.0,,934.2999877929688,950.2999877929688
2025-01-17,2744.300048828125,30.951000213623047,4.337500095367432,2686.75,2297.0,196.75,81.125,484.25,1034.0,538.75,77.87999725341797,80.79000091552734,3.947999954223633,2.1122000217437744,2.621000051498413,479.29998779296875,67.5999984741211,328.3500061035156,18.219999313354492,11173.0,,951.0999755859375,960.5
2025-01-21,2755.0,31.31100082397461,4.310999870300293,2663.5,2297.0,197.0500030517578,81.19999694824219,490.0,1067.25,558.75,75.88999938964844,79.29000091552734,3.75600004196167,2.0843000411987305,2.5580999851226807,482.1000061035156,67.66000366210938,327.79998779296875,17.790000915527344,11559.0,,957.2000122070312,972.5
2025-01-22,2767.60009765625,31.23900032043457,4.271500110626221,2638.5,2297.0,200.0500030517578,81.4749984741211,484.25,1056.0,554.0,75.44000244140625,79.0,3.9600000381469727,2.057800054550171,2.4842000007629395,484.29998779296875,67.13999938964844,341.8500061035156,18.15999984741211,11675.0,,958.2000122070312,998.4000244140625
2025-01-23,2763.10009765625,30.67300033569336,4.299499988555908,2634.5,2297.0,201.10000610351562,82.125,489.75,1065.5,554.0,74.62000274658203,78.29000091552734,3.944999933242798,2.0655999183654785,2.4714999198913574,496.1000061035156,67.47000122070312,343.95001220703125,18.690000534057617,11552.0,,957.0999755859375,1010.2000122070312
2025-01-24,2777.300048828125,31.023000717163086,4.289999961853027,2657.75,2297.0,204.77499389648438,82.30000305175781,486.5,1055.75,544.0,74.66000366210938,78.5,4.0269999504089355,2.0490000247955322,2.516200065612793,476.1000061035156,67.61000061035156,347.54998779296875,19.020000457763672,11593.0,,957.5999755859375,1001.2000122070312
2025-01-27,2737.5,30.253999710083008,4.203499794006348,2602.75,2297.0,205.6750030517578,83.05000305175781,482.0,1045.0,535.5,73.16999816894531,77.08000183105469,3.697000026702881,2.0281999111175537,2.4600000381469727,481.8999938964844,67.2699966430664,349.20001220703125,19.170000076293945,11372.0,,946.9000244140625,963.5999755859375
2025-01-28,2766.800048828125,30.726999282836914,4.2204999923706055,2563.0,2297.0,208.5500030517578,83.9000015258789,485.25,1045.0,545.25,73.7699966430664,77.48999786376953,3.4709999561309814,2.0525999069213867,2.4500999450683594,473.1499938964844,66.9800033569336,357.5,19.229999542236328,11374.0,,947.0,954.5999755859375
2025-01-29,2769.10009765625,31.238000869750977,4.257500171661377,2612.25,2297.0,207.02499389648438,83.9000015258789,497.0,1060.5,562.5,72.62000274658203,76.58000183105469,3.5350000858306885,2.0357000827789307,2.4539999961853027,477.5,66.66000366210938,366.54998779296875,19.450000762939453,11745.0,,965.4000244140625,966.5999755859375
2025-01-30,2823.0,32.36399841308594,4.288000106811523,2618.75,2297.0,204.47500610351562,84.375,490.25,1044.0,566.5,72.7300033569336,76.87000274658203,3.046999931335449,2.037400007247925,2.475399971008301,479.6499938964844,66.2699966430664,373.3999938964844,19.469999313354492,11207.0,,1016.5,1004.5999755859375
2025-01-31,2812.5,32.12799835205078,4.26200008392334,2586.0,2297.0,204.60000610351562,84.17500305175781,482.0,1042.0,559.5,72.52999877929688,76.76000213623047,3.0439999103546143,2.0364999771118164,2.484499931335449,474.70001220703125,65.87999725341797,377.8500061035156,19.350000381469727,10987.0,,1033.199951171875,1066.9000244140625
2025-02-03,2833.89990234375,32.391998291015625,4.294000148773193,2617.0,2297.0,202.97500610351562,84.32499694824219,488.75,1058.25,566.75,73.16000366210938,75.95999908447266,3.3519999980926514,2.1177000999450684,2.463099956512451,454.70001220703125,66.04000091552734,380.8999938964844,19.260000228881836,11002.0,,991.7999877929688,1039.199951171875
2025-02-04,2853.300048828125,32.88800048828125,4.34250020980835,2631.0,2297.0,201.875,85.07499694824219,494.5,1075.0,577.0,72.69999694824219,76.19999694824219,3.253000020980835,2.0989999771118164,2.429800033569336,450.1499938964844,66.94000244140625,383.3500061035156,19.65999984741211,10913.0,,1002.5,1009.7000122070312
2025-02-05,2871.60009765625,32.856998443603516,4.434500217437744,2601.5,2297.0,203.60000610351562,86.6500015258789,493.25,1057.0,572.25,71.02999877929688,74.61000061035156,3.359999895095825,2.0506999492645264,2.384200096130371,443.3500061035156,66.04000091552734,397.75,19.760000228881836,10514.0,,1015.5999755859375,1014.4000244140625
2025-02-06,2856.0,32.518001556396484,4.453499794006348,2620.75,2297.0,200.625,86.6500015258789,495.25,1060.5,587.75,70.61000061035156,74.29000091552734,3.4079999923706055,2.074700117111206,2.3980000019073486,437.70001220703125,66.02999877929688,403.95001220703125,19.56999969482422,10094.0,,1013.7000122070312,989.2999877929688
2025-02-07,2867.300048828125,32.334999084472656,4.581500053405762,2623.75,2297.0,200.77499389648438,87.25,487.5,1049.5,582.75,71.0,74.66000366210938,3.309000015258789,2.1050000190734863,2.430799961090088,423.20001220703125,65.62999725341797,404.3500061035156,19.360000610351562,10018.0,,1011.0999755859375,977.7999877929688
2025-02-10,2914.300048828125,32.391998291015625,4.700500011444092,2636.25,2297.0,201.875,87.69999694824219,491.5,1049.5,579.5,72.31999969482422,75.87000274658203,3.444000005722046,2.1041998863220215,2.450900077819824,403.20001220703125,66.54000091552734,429.04998779296875,19.5,9714.0,,1022.5,998.7000122070312
2025-02-11,2912.5,32.23099899291992,4.5945000648498535,2620.75,2297.0,199.6750030517578,88.7249984741211,484.0,1043.5,577.0,73.31999969482422,77.0,3.5190000534057617,2.1473000049591064,2.5146000385284424,390.45001220703125,67.4000015258789,413.45001220703125,19.8700008392334,10131.0,,1026.9000244140625,987.5999755859375
2025-02-12,2909.0,32.69499969482422,4.697999954223633,2587.5,2297.0,199.14999389648438,89.44999694824219,490.25,1027.75,574.25,71.37000274658203,75.18000030517578,3.565000057220459,2.089600086212158,2.4519999027252197,374.6499938964844,67.47000122070312,431.79998779296875,19.760000228881836,10006.0,,1038.699951171875,982.5999755859375
2025-02-13,2925.89990234375,32.650001525878906,4.769000053405762,2571.75,2297.0,199.5500030517578,89.375,493.5,1030.0,577.75,71.29000091552734,75.0199966430664,3.628000020980835,2.1106998920440674,2.448699951171875,354.6499938964844,66.83000183105469,438.8999938964844,20.170000076293945,10381.0,,1033.699951171875,1015.2999877929688
2025-02-14,2883.60009765625,32.80099868774414,4.656499862670898,2612.25,2297.0,197.75,89.4749984741211,496.25,1036.0,600.0,70.73999786376953,74.73999786376953,3.7249999046325684,2.089900016784668,2.4618000984191895,339.45001220703125,67.11000061035156,419.75,20.420000076293945,10159.0,,1009.7999877929688,1005.0
2025-02-18,2931.60009765625,33.31700134277344,4.585000038146973,2638.25,2297.0,197.4499969482422,93.19999694824219,502.0,1038.5,604.75,71.8499984741211,75.83999633789062,4.006999969482422,2.086699962615967,2.4405999183654785,345.1000061035156,67.51000213623047,419.0,20.520000457763672,10301.0,,996.5999755859375,1008.7000122070312
2025-02-19,2919.39990234375,32.99300003051758,4.557000160217285,2652.5,2297.0,197.8249969482422,89.75,497.5,1031.75,592.0,72.25,76.04000091552734,4.28000020980835,2.0864999294281006,2.4565000534057617,332.8500061035156,66.23999786376953,417.8999938964844,20.690000534057617,10218.0,,976.7000122070312,987.2999877929688
2025-02-20,2940.0,33.444000244140625,4.607999801635742,2692.25,2297.0,197.625,88.5250015258789,498.0,1045.5,585.5,72.56999969482422,76.4800033569336,4.1519999504089355,2.0864999294281006,2.5034000873565674,319.25,65.97000122070312,395.75,21.049999237060547,10075.0,,987.7999877929688,1004.9000244140625
2025-02-21,2937.60009765625,32.97600173950195,4.559999942779541,2694.0,2297.0,197.8249969482422,87.67500305175781,491.25,1039.5,590.0,70.4000015258789,74.43000030517578,4.234000205993652,2.026700019836426,2.432300090789795,312.25,66.08000183105469,400.0,21.309999465942383,8934.0,,978.2999877929688,988.0999755859375
2025-02-24,2947.89990234375,32.57500076293945,4.517000198364258,2620.25,2297.0,198.89999389648438,87.4000015258789,482.5,1029.0,579.0,70.69999694824219,74.77999877929688,3.99399995803833,2.010999917984009,2.435800075531006,307.70001220703125,66.51000213623047,393.79998779296875,21.09000015258789,8352.0,,961.2000122070312,940.5999755859375
2025-02-25,2904.5,31.801000595092773,4.486000061035156,2585.5,2297.0,199.5,86.57499694824219,479.75,1031.25,572.75,68.93000030517578,73.0199966430664,4.173999786376953,1.9673000574111938,2.3903000354766846,292.1499938964844,65.95999908447266,380.5,21.459999084472656,8675.0,,960.5999755859375,920.5
2025-02-26,2916.800048828125,32.25299835205078,4.541999816894531,2597.25,2297.0,198.8249969482422,88.30000305175781,478.25,1024.5,566.0,68.62000274658203,72.52999877929688,3.9059998989105225,1.9488999843597412,2.3443000316619873,296.8500061035156,65.37000274658203,379.45001220703125,20.639999389648438,9100.0,,967.7999877929688,920.5
2025-02-27,2883.199951171875,31.801000595092773,4.579999923706055,2596.25,2297.0,199.39999389648438,84.375,464.75,1022.75,546.75,70.3499984741211,74.04000091552734,3.934000015258789,1.9966000318527222,2.395900011062622,293.29998779296875,65.19999694824219,378.75,19.690000534057617,9130.0,,951.9000244140625,901.2999877929688
2025-02-28,2836.800048828125,31.2189998626709,4.514500141143799,2561.5,2297.0,197.72500610351562,83.67500305175781,453.5,1011.5,537.0,69.76000213623047,73.18000030517578,3.8340001106262207,1.9702999591827393,2.3548998832702637,297.25,63.880001068115234,379.04998779296875,19.510000228881836,9014.0,,932.2999877929688,899.7000122070312
2025-03-03,2890.199951171875,32.03200149536133,4.576499938964844,2567.75,2297.0,192.25,83.69999694824219,440.25,998.25,532.0,68.37000274658203,71.62000274658203,4.122000217437744,2.1877999305725098,2.2604000568389893,304.54998779296875,64.13999938964844,392.70001220703125,18.219999313354492,8082.0,,966.5999755859375,951.2000122070312
2025-03-04,2909.60009765625,32.108001708984375,4.527500152587891,2575.75,2297.0,194.64999389648438,82.3499984741211,436.0,984.0,518.5,68.26000213623047,71.04000091552734,4.349999904632568,2.194200038909912,2.2871999740600586,296.54998779296875,62.040000915527344,403.75,18.100000381469727,8225.0,,966.5,946.2999877929688
2025-03-05,2915.300048828125,32.858001708984375,4.766499996185303,2610.0,2297.0,196.5500030517578,84.69999694824219,440.25,997.75,530.75,66.30999755859375,69.30000305175781,4.449999809265137,2.13700008392334,2.240799903869629,306.70001220703125,62.36000061035156,415.5,18.200000762939453,7915.0,,969.4000244140625,939.4000244140625
2025-03-06,2916.60009765625,33.0629997253418,4.7789998054504395,2656.75,2297.0,196.27499389648438,86.6500015258789,449.5,1014.0,537.0,66.36000061035156,69.45999908447266,4.302000045776367,2.1012001037597656,2.22379994392395,289.0,63.900001525878906,393.0,18.1299991607666,8036.0,,974.7999877929688,942.0
2025-03-07,2904.699951171875,32.54800033569336,4.683000087738037,2661.5,2297.0,200.27499389648438,87.3499984741211,455.25,1010.25,533.75,67.04000091552734,70.36000061035156,4.39900016784668,2.1087000370025635,2.2160000801086426,303.0,64.76000213623047,390.20001220703125,18.309999465942383,8141.0,,961.5999755859375,945.7999877929688
2025-03-10,2891.0,32.275001525878906,4.639500141143799,2651.0,2297.0,200.5749969482422,88.30000305175781,458.75,999.75,545.25,66.02999877929688,69.27999877929688,4.491000175476074,2.0924999713897705,2.1798999309539795,278.3999938964844,66.0,389.3500061035156,18.850000381469727,8279.0,,962.0,939.7999877929688
2025-03-11,2912.89990234375,32.88800048828125,4.739999771118164,2649.0,2297.0,199.5500030517578,86.55000305175781,456.5,997.75,541.0,66.25,69.55999755859375,4.453000068664551,2.1050000190734863,2.1967999935150146,273.5,66.0,399.45001220703125,18.670000076293945,8151.0,,975.4000244140625,938.2000122070312
2025-03-12,2939.10009765625,33.48400115966797,4.821000099182129,2648.75,2297.0,201.39999389648438,86.5,448.75,987.5,538.75,67.68000030517578,70.94999694824219,4.084000110626221,2.150099992752075,2.2063000202178955,276.45001220703125,66.9800033569336,392.20001220703125,18.860000610351562,8204.0,,992.2000122070312,943.2000122070312
2025-03-13,2984.300048828125,34.05099868774414,4.898499965667725,2645.25,2297.0,202.0500030517578,85.625,453.5,996.75,547.25,66.55000305175781,69.87999725341797,4.111000061035156,2.1331000328063965,2.1621999740600586,264.0,66.52999877929688,390.6000061035156,19.25,8031.0,,1002.5,953.0
2025-03-14,2994.5,34.1870002746582,4.869500160217285,2624.5,2297.0,203.1750030517578,86.625,445.5,999.25,545.75,67.18000030517578,70.58000183105469,4.104000091552734,2.148699998855591,2.166599988937378,259.3500061035156,67.37000274658203,382.1000061035156,19.190000534057617,7728.0,,1010.0,962.2999877929688
2025-03-17,3000.0,34.07400131225586,4.933499813079834,2633.25,2297.0,205.02499389648438,88.07499694824219,461.0,1015.5,568.5,67.58000183105469,71.06999969482422,4.01800012588501,2.1812000274658203,2.2037999629974365,258.8999938964844,66.9800033569336,389.3500061035156,19.969999313354492,7827.0,,1023.5,963.5999755859375
2025-03-18,3035.10009765625,34.57899856567383,4.993000030517578,2596.75,2297.0,205.375,87.5999984741211,458.75,1012.75,565.0,66.9000015258789,70.55999755859375,4.052000045776367,2.1684000492095947,2.194499969482422,243.89999389648438,66.47000122070312,387.1499938964844,19.989999771118164,8021.0,,1020.5,966.2000122070312
2025-03-19,3035.89990234375,33.974998474121094,5.076000213623047,2604.0,2297.0,206.8249969482422,85.57499694824219,462.0,1008.25,563.5,67.16000366210938,70.77999877929688,4.247000217437744,2.169600009918213,2.2318999767303467,266.95001220703125,66.3499984741211,394.6000061035156,19.690000534057617,8121.0,,1006.2999877929688,949.2000122070312
2025-03-20,3040.0,33.7859992980957,5.085000038146973,2597.5,2297.0,208.47500610351562,85.55000305175781,469.0,1013.0,557.25,68.26000213623047,72.0,3.9749999046325684,2.1910998821258545,2.254300117492676,272.54998779296875,66.08000183105469,392.1499938964844,20.0,8071.0,,989.5,939.0999755859375
2025-03-21,3018.199951171875,33.290000915527344,5.087500095367432,2553.5,2297.0,206.9499969482422,86.125,464.25,1009.75,558.25,68.27999877929688,72.16000366210938,3.9800000190734863,2.1953999996185303,2.2495999336242676,276.1499938964844,65.2699966430664,391.3999938964844,19.719999313354492,7765.0,,976.2000122070312,951.2000122070312
2025-03-24,3013.10009765625,33.26499938964844,5.064000129699707,2538.5,2297.0,205.89999389648438,85.69999694824219,464.5,1007.25,548.25,69.11000061035156,73.0,3.9140000343322754,2.2065999507904053,2.2571001052856445,268.54998779296875,65.41999816894531,393.3999938964844,19.260000228881836,8079.0,,962.5999755859375,947.7000122070312
2025-03-25,3023.699951171875,34.00199890136719,5.183000087738037,2526.75,2297.0,206.375,86.6500015258789,457.75,1001.75,543.25,69.0,73.0199966430664,3.8399999141693115,2.208699941635132,2.285900115966797,264.8500061035156,65.13999938964844,398.54998779296875,19.510000228881836,7995.0,,973.0999755859375,953.7999877929688
2025-03-26,3020.89990234375,34.03300094604492,5.216000080108643,2533.5,2297.0,207.0749969482422,87.55000305175781,451.25,1001.0,535.25,69.6500015258789,73.79000091552734,3.8610000610351562,2.232800006866455,2.2887001037597656,262.1000061035156,65.68000030517578,392.0,19.350000381469727,8044.0,,967.9000244140625,962.5
2025-03-27,3060.199951171875,34.89699935913086,5.097499847412109,2479.0,2297.0,209.5500030517578,87.0250015258789,450.0,1016.75,532.0,69.91999816894531,74.02999877929688,3.950000047683716,2.2464001178741455,2.2846999168395996,247.5,67.06999969482422,378.79998779296875,19.09000015258789,7979.0,,983.2000122070312,973.7999877929688
2025-03-28,3086.5,34.64400100708008,5.112500190734863,2459.5,2297.0,208.8249969482422,86.69999694824219,453.25,1023.0,528.25,69.36000061035156,73.62999725341797,4.065000057220459,2.2346999645233154,2.2609000205993652,237.3000030517578,66.9000015258789,379.95001220703125,18.959999084472656,8042.0,,977.7000122070312,974.2999877929688
2025-03-31,3122.800048828125,34.457000732421875,5.019999980926514,2432.25,2297.0,207.8000030517578,87.7249984741211,457.25,1014.75,537.0,71.4800033569336,74.73999786376953,4.11899995803833,2.283099889755249,2.313999891281128,243.5500030517578,66.83000183105469,379.75,18.860000610351562,7902.0,,1009.7000122070312,991.2000122070312
2025-04-01,3118.89990234375,34.15800094604492,5.019000053405762,2400.5,2297.0,209.125,87.375,461.75,1034.25,540.5,71.19999694824219,74.48999786376953,3.9509999752044678,2.302500009536743,2.2888998985290527,258.20001220703125,68.25,389.04998779296875,19.350000381469727,8177.0,,987.0999755859375,991.2999877929688
2025-04-02,3139.89990234375,34.499000549316406,5.023499965667725,2366.5,2297.0,210.375,87.44999694824219,457.75,1029.5,539.25,71.70999908447266,74.94999694824219,4.054999828338623,2.3310000896453857,2.322000026702881,249.60000610351562,67.80000305175781,388.8500061035156,19.59000015258789,8968.0,,977.9000244140625,974.5
2025-04-03,3097.0,31.8439998626709,4.810999870300293,2296.25,2297.0,208.0500030517578,87.375,457.5,1011.5,536.0,66.94999694824219,70.13999938964844,4.138000011444092,2.164299964904785,2.1888999938964844,234.60000610351562,64.80000305175781,385.25,19.110000610351562,9291.0,,942.5,919.0999755859375
2025-04-04,3012.0,29.115999221801758,4.384500026702881,2209.5,2297.0,202.625,87.375,460.25,977.0,529.0,61.9900016784668,65.58000183105469,3.8369998931884766,2.054500102996826,2.081899881362915,226.89999389648438,63.36000061035156,365.70001220703125,18.84000015258789,8512.0,,902.0,896.2000122070312
2025-04-07,2951.300048828125,29.510000228881836,4.169000148773193,2199.25,2297.0,198.9250030517578,87.80000305175781,464.5,983.0,536.5,60.70000076293945,64.20999908447266,3.6549999713897705,2.0201001167297363,2.0699000358581543,211.89999389648438,65.98999786376953,344.79998779296875,18.68000030517578,8053.0,,894.0,876.5999755859375
2025-04-08,2968.39990234375,29.591999053955078,4.127500057220459,2190.75,2297.0,199.10000610351562,87.82499694824219,469.0,992.75,540.0,59.58000183105469,62.81999969482422,3.4649999141693115,1.9914000034332275,2.056999921798706,234.64999389648438,65.55000305175781,342.8999938964844,18.309999465942383,7755.0,,899.5999755859375,877.9000244140625
2025-04-09,3056.5,30.322999954223633,4.17549991607666,2166.25,2297.0,202.8000030517578,86.9749984741211,474.0,1012.75,542.25,62.349998474121094,65.4800033569336,3.815999984741211,2.0383999347686768,2.113600015640259,259.6499938964844,66.62999725341797,341.70001220703125,17.90999984741211,8447.0,,908.5999755859375,878.0999755859375
2025-04-10,3155.199951171875,30.67099952697754,4.321000099182129,2251.0,2297.0,200.85000610351562,86.0,483.0,1029.0,538.0,60.06999969482422,63.33000183105469,3.556999921798706,1.961300015449524,2.0464000701904297,264.25,66.47000122070312,342.8500061035156,18.1200008392334,8088.0,,922.4000244140625,888.9000244140625
2025-04-11,3222.199951171875,31.823999404907227,4.507500171661377,2300.0,2297.0,202.47500610351562,85.42500305175781,490.25,1042.75,555.75,61.5,64.76000213623047,3.5269999504089355,1.9990999698638916,2.0652999877929688,279.25,65.88999938964844,357.70001220703125,18.0,8511.0,,934.2999877929688,896.7999877929688
2025-04-14,3204.800048828125,32.09199905395508,4.610499858856201,2306.75,2297.0,203.9499969482422,85.4749984741211,485.0,1041.75,547.5,61.529998779296875,64.87999725341797,3.325000047683716,2.022200107574463,2.0917000770568848,304.25,64.08999633789062,360.3999938964844,17.8700008392334,8247.0,,948.5999755859375,946.5999755859375
2025-04-15,3218.699951171875,32.22700119018555,4.611000061035156,2317.5,2297.0,204.8000030517578,88.19999694824219,481.25,1036.0,542.0,61.33000183105469,64.66999816894531,3.3289999961853027,2.024399995803833,2.078399896621704,306.6000061035156,65.08000183105469,369.3999938964844,17.520000457763672,8002.0,,960.2000122070312,968.2000122070312
2025-04-16,3326.60009765625,32.92599868774414,4.673999786376953,2310.5,2297.0,207.0749969482422,90.1500015258789,484.25,1038.75,547.75,62.470001220703125,65.8499984741211,3.246999979019165,2.0434000492095947,2.1154000759124756,318.45001220703125,65.79000091552734,376.04998779296875,17.860000610351562,8096.0,,969.7000122070312,969.7999877929688
2025-04-17,3308.699951171875,32.41999816894531,4.731500148773193,2307.5,2297.0,209.8249969482422,90.4000015258789,482.25,1036.5,548.75,64.68000030517578,67.95999908447266,3.244999885559082,2.09879994392395,2.1522998809814453,304.0,66.31999969482422,375.5,17.93000030517578,8365.0,,967.2999877929688,955.4000244140625
2025-04-21,3406.199951171875,32.49599838256836,4.7210001945495605,2330.5,2297.0,209.77499389648438,91.0250015258789,481.75,1029.5,538.5,63.08000183105469,66.26000213623047,3.0160000324249268,2.0652999877929688,2.1089000701904297,289.0,65.7699966430664,366.79998779296875,17.809999465942383,8810.0,,957.7999877929688,925.7000122070312
2025-04-22,3400.800048828125,32.880001068115234,4.870500087738037,2303.25,2297.0,211.375,92.2249984741211,475.75,1035.0,535.5,64.30999755859375,67.44000244140625,3.006999969482422,2.099600076675415,2.1486001014709473,278.70001220703125,67.04000091552734,377.6499938964844,17.989999771118164,9310.0,,953.4000244140625,928.7999877929688
2025-04-23,3276.300048828125,33.518001556396484,4.8354997634887695,2345.75,2297.0,212.6999969482422,91.875,472.0,1040.25,528.25,62.27000045776367,66.12000274658203,3.0220000743865967,2.083899974822998,2.1268999576568604,268.0,68.75,392.3999938964844,17.940000534057617,9104.0,,970.7000122070312,937.7000122070312
2025-04-24,3332.0,33.481998443603516,4.849999904632568,2390.0,2297.0,213.5,91.94999694824219,477.25,1053.0,529.25,62.790000915527344,66.55000305175781,2.930000066757202,2.1057000160217285,2.143699884414673,253.0,67.30000305175781,408.0,17.920000076293945,9391.0,,971.5999755859375,947.9000244140625
2025-04-25,3282.39990234375,32.98899841308594,4.8354997634887695,2351.25,2297.0,214.25,92.80000305175781,478.75,1049.75,530.0,63.02000045776367,66.87000274658203,2.937000036239624,2.1189000606536865,2.16729998588562,260.95001220703125,66.8499984741211,408.25,18.18000030517578,9652.0,,964.7999877929688,931.0
2025-04-28,3332.5,32.9900016784668,4.8379998207092285,2347.5,2297.0,215.64999389648438,92.94999694824219,475.5,1052.0,515.5,62.04999923706055,65.86000061035156,3.1700000762939453,2.105799913406372,2.17549991607666,268.8999938964844,66.37999725341797,421.54998779296875,17.84000015258789,9217.0,,987.4000244140625,943.4000244140625
2025-04-29,3318.800048828125,33.275001525878906,4.822999954223633,2354.0,2297.0,216.35000610351562,92.55000305175781,460.5,1041.0,505.75,60.41999816894531,64.25,3.385999917984009,2.071199893951416,2.1203999519348145,265.3500061035156,66.3499984741211,412.6499938964844,17.6200008392334,9146.0,,978.7000122070312,932.5
2025-04-30,3305.0,32.53099822998047,4.559999942779541,2292.75,2297.0,215.75,91.92500305175781,467.25,1034.75,513.0,58.209999084472656,63.119998931884766,3.3259999752044678,2.0369999408721924,2.0367000102996826,265.29998779296875,65.7699966430664,413.6000061035156,17.459999084472656,9127.0,,963.7999877929688,930.2000122070312
2025-05-01,3210.0,32.18899917602539,4.580999851226807,2293.25,2297.0,209.64999389648438,92.4000015258789,464.25,1040.25,515.25,59.2400016784668,62.130001068115234,3.4790000915527344,2.0492000579833984,2.01200008392334,273.70001220703125,65.61000061035156,395.70001220703125,17.15999984741211,8973.0,,964.7999877929688,939.7000122070312
2025-05-02,3231.89990234375,31.98900032043457,4.627500057220459,2307.75,2297.0,211.10000610351562,92.94999694824219,461.25,1048.75,526.5,58.290000915527344,61.290000915527344,3.630000114440918,2.01990008354187,1.9931999444961548,282.8999938964844,70.18000030517578,395.3999938964844,17.200000762939453,9127.0,,962.9000244140625,946.9000244140625
2025-05-05,3311.300048828125,32.20500183105469,4.65500020980835,2306.75,2297.0,213.64999389648438,92.25,446.5,1038.0,514.25,57.130001068115234,60.22999954223633,3.549999952316284,2.0227999687194824,1.9744999408721924,290.79998779296875,70.3499984741211,398.95001220703125,17.469999313354492,8758.0,,957.5,938.5
2025-05-06,3411.39990234375,33.112998962402344,4.735000133514404,2310.25,2297.0,213.6750030517578,91.55000305175781,447.5,1034.75,519.0,59.09000015258789,62.150001525878906,3.4630000591278076,2.064500093460083,2.0088000297546387,282.70001220703125,71.94000244140625,401.1000061035156,17.440000534057617,9175.0,,987.7999877929688,976.2999877929688
2025-05-07,3381.39990234375,32.53099822998047,4.616499900817871,2269.75,2297.0,212.52499389648438,91.1500015258789,441.0,1030.5,518.0,58.06999969482422,61.119998931884766,3.621000051498413,2.0278000831604004,1.9766000509262085,283.20001220703125,70.47000122070312,396.20001220703125,17.1299991607666,9398.0,,979.7999877929688,978.2999877929688
2025-05-08,3296.60009765625,32.37799835205078,4.560999870300293,2294.25,2297.0,214.25,90.6500015258789,439.0,1036.75,513.0,59.90999984741211,62.84000015258789,3.5920000076293945,2.085400104522705,2.0399999618530273,271.20001220703125,66.69000244140625,397.79998779296875,17.5,9268.0,,976.2999877929688,979.4000244140625
2025-05-09,3335.39990234375,32.67599868774414,4.611000061035156,2309.25,2297.0,214.6750030517578,90.375,441.5,1044.0,505.5,61.02000045776367,63.90999984741211,3.7950000762939453,2.1084001064300537,2.0664000511169434,256.20001220703125,66.61000061035156,397.1499938964844,17.780000686645508,9387.0,,998.5,978.0
2025-05-12,3220.0,32.38800048828125,4.578499794006348,2382.0,2297.0,216.8249969482422,90.7249984741211,440.25,1066.0,499.0,61.95000076293945,64.95999908447266,3.6459999084472656,2.1331000328063965,2.1110999584198,232.8000030517578,66.62999725341797,382.45001220703125,17.700000762939453,9340.0,,974.2999877929688,938.0
2025-05-13,3240.300048828125,32.86800003051758,4.68149995803833,2400.75,2297.0,216.3249969482422,90.9749984741211,436.0,1067.25,501.5,63.66999816894531,66.62999725341797,3.6470000743865967,2.1659998893737793,2.171299934387207,243.8000030517578,66.27999877929688,384.8500061035156,18.219999313354492,10171.0,,991.0,952.2000122070312
2025-05-14,3181.39990234375,32.22600173950195,4.611000061035156,2457.25,2297.0,213.9499969482422,91.0,438.5,1067.0,508.75,63.150001525878906,66.08999633789062,3.492000102996826,2.1700000762939453,2.2060999870300293,257.6499938964844,65.4800033569336,373.95001220703125,18.059999465942383,10129.0,,980.7999877929688,950.2999877929688
2025-05-15,3220.699951171875,32.48099899291992,4.644499778747559,2403.5,2297.0,211.1750030517578,100.69999694824219,448.5,1051.25,532.75,61.619998931884766,64.52999877929688,3.361999988555908,2.134399890899658,2.1659998893737793,266.1000061035156,65.43000030517578,384.95001220703125,17.670000076293945,10257.0,,996.5,964.2000122070312
2025-05-16,3182.0,32.15800094604492,4.555500030517578,2389.75,2297.0,212.3000030517578,100.44999694824219,443.5,1050.0,525.0,62.4900016784668,65.41000366210938,3.3340001106262207,2.1417999267578125,2.1405999660491943,251.10000610351562,64.88999938964844,376.25,17.520000457763672,10898.0,,990.2000122070312,956.7999877929688
